-- MySQL dump 10.13  Distrib 8.0.28, for macos12.0 (x86_64)
--
-- Host: localhost    Database: execution_emcas_db
-- ------------------------------------------------------
-- Server version	8.0.27

/*!40101 SET @OLD_CHARACTER_SET_CLIENT=@@CHARACTER_SET_CLIENT */;
/*!40101 SET @OLD_CHARACTER_SET_RESULTS=@@CHARACTER_SET_RESULTS */;
/*!40101 SET @OLD_COLLATION_CONNECTION=@@COLLATION_CONNECTION */;
/*!50503 SET NAMES utf8mb4 */;
/*!40103 SET @OLD_TIME_ZONE=@@TIME_ZONE */;
/*!40103 SET TIME_ZONE='+00:00' */;
/*!40014 SET @OLD_UNIQUE_CHECKS=@@UNIQUE_CHECKS, UNIQUE_CHECKS=0 */;
/*!40014 SET @OLD_FOREIGN_KEY_CHECKS=@@FOREIGN_KEY_CHECKS, FOREIGN_KEY_CHECKS=0 */;
/*!40101 SET @OLD_SQL_MODE=@@SQL_MODE, SQL_MODE='NO_AUTO_VALUE_ON_ZERO' */;
/*!40111 SET @OLD_SQL_NOTES=@@SQL_NOTES, SQL_NOTES=0 */;

--
-- Table structure for table `answer_comment`
--

DROP TABLE IF EXISTS `answer_comment`;
/*!40101 SET @saved_cs_client     = @@character_set_client */;
/*!50503 SET character_set_client = utf8mb4 */;
CREATE TABLE `answer_comment` (
  `id` bigint unsigned NOT NULL AUTO_INCREMENT,
  `answer_id` bigint unsigned NOT NULL,
  `type` varchar(30) COLLATE utf8mb4_unicode_ci NOT NULL,
  `body` text COLLATE utf8mb4_unicode_ci NOT NULL,
  `viewed` int NOT NULL DEFAULT '0',
  `created_at` timestamp NULL DEFAULT NULL,
  `updated_at` timestamp NULL DEFAULT NULL,
  PRIMARY KEY (`id`),
  KEY `answer_comment_answer_id_foreign` (`answer_id`),
  CONSTRAINT `answer_comment_answer_id_foreign` FOREIGN KEY (`answer_id`) REFERENCES `task_answer` (`id`)
) ENGINE=InnoDB DEFAULT CHARSET=utf8mb4 COLLATE=utf8mb4_unicode_ci;
/*!40101 SET character_set_client = @saved_cs_client */;

--
-- Dumping data for table `answer_comment`
--

LOCK TABLES `answer_comment` WRITE;
/*!40000 ALTER TABLE `answer_comment` DISABLE KEYS */;
/*!40000 ALTER TABLE `answer_comment` ENABLE KEYS */;
UNLOCK TABLES;

--
-- Table structure for table `category`
--

DROP TABLE IF EXISTS `category`;
/*!40101 SET @saved_cs_client     = @@character_set_client */;
/*!50503 SET character_set_client = utf8mb4 */;
CREATE TABLE `category` (
  `id` bigint unsigned NOT NULL AUTO_INCREMENT,
  `title` varchar(255) COLLATE utf8mb4_unicode_ci NOT NULL,
  `created_at` timestamp NULL DEFAULT NULL,
  `updated_at` timestamp NULL DEFAULT NULL,
  PRIMARY KEY (`id`)
) ENGINE=InnoDB AUTO_INCREMENT=3 DEFAULT CHARSET=utf8mb4 COLLATE=utf8mb4_unicode_ci;
/*!40101 SET character_set_client = @saved_cs_client */;

--
-- Dumping data for table `category`
--

LOCK TABLES `category` WRITE;
/*!40000 ALTER TABLE `category` DISABLE KEYS */;
INSERT INTO `category` VALUES (1,'Плановой работы',NULL,NULL),(2,'Не плановой работы',NULL,NULL);
/*!40000 ALTER TABLE `category` ENABLE KEYS */;
UNLOCK TABLES;

--
-- Table structure for table `document_file`
--

DROP TABLE IF EXISTS `document_file`;
/*!40101 SET @saved_cs_client     = @@character_set_client */;
/*!50503 SET character_set_client = utf8mb4 */;
CREATE TABLE `document_file` (
  `id` bigint unsigned NOT NULL AUTO_INCREMENT,
  `document_id` bigint unsigned NOT NULL,
  `document_type` varchar(30) COLLATE utf8mb4_unicode_ci NOT NULL,
  `file_id` bigint unsigned NOT NULL,
  `created_at` timestamp NULL DEFAULT NULL,
  `updated_at` timestamp NULL DEFAULT NULL,
  PRIMARY KEY (`id`),
  KEY `document_file_file_id_foreign` (`file_id`),
  CONSTRAINT `document_file_file_id_foreign` FOREIGN KEY (`file_id`) REFERENCES `file` (`id`)
) ENGINE=InnoDB DEFAULT CHARSET=utf8mb4 COLLATE=utf8mb4_unicode_ci;
/*!40101 SET character_set_client = @saved_cs_client */;

--
-- Dumping data for table `document_file`
--

LOCK TABLES `document_file` WRITE;
/*!40000 ALTER TABLE `document_file` DISABLE KEYS */;
/*!40000 ALTER TABLE `document_file` ENABLE KEYS */;
UNLOCK TABLES;

--
-- Table structure for table `failed_jobs`
--

DROP TABLE IF EXISTS `failed_jobs`;
/*!40101 SET @saved_cs_client     = @@character_set_client */;
/*!50503 SET character_set_client = utf8mb4 */;
CREATE TABLE `failed_jobs` (
  `id` bigint unsigned NOT NULL AUTO_INCREMENT,
  `uuid` varchar(255) COLLATE utf8mb4_unicode_ci NOT NULL,
  `connection` text COLLATE utf8mb4_unicode_ci NOT NULL,
  `queue` text COLLATE utf8mb4_unicode_ci NOT NULL,
  `payload` longtext COLLATE utf8mb4_unicode_ci NOT NULL,
  `exception` longtext COLLATE utf8mb4_unicode_ci NOT NULL,
  `failed_at` timestamp NOT NULL DEFAULT CURRENT_TIMESTAMP,
  PRIMARY KEY (`id`),
  UNIQUE KEY `failed_jobs_uuid_unique` (`uuid`)
) ENGINE=InnoDB DEFAULT CHARSET=utf8mb4 COLLATE=utf8mb4_unicode_ci;
/*!40101 SET character_set_client = @saved_cs_client */;

--
-- Dumping data for table `failed_jobs`
--

LOCK TABLES `failed_jobs` WRITE;
/*!40000 ALTER TABLE `failed_jobs` DISABLE KEYS */;
/*!40000 ALTER TABLE `failed_jobs` ENABLE KEYS */;
UNLOCK TABLES;

--
-- Table structure for table `file`
--

DROP TABLE IF EXISTS `file`;
/*!40101 SET @saved_cs_client     = @@character_set_client */;
/*!50503 SET character_set_client = utf8mb4 */;
CREATE TABLE `file` (
  `id` bigint unsigned NOT NULL AUTO_INCREMENT,
  `title` varchar(255) COLLATE utf8mb4_unicode_ci NOT NULL,
  `link` varchar(255) COLLATE utf8mb4_unicode_ci NOT NULL,
  `type` varchar(255) COLLATE utf8mb4_unicode_ci NOT NULL,
  `created_at` timestamp NULL DEFAULT NULL,
  `updated_at` timestamp NULL DEFAULT NULL,
  PRIMARY KEY (`id`)
) ENGINE=InnoDB DEFAULT CHARSET=utf8mb4 COLLATE=utf8mb4_unicode_ci;
/*!40101 SET character_set_client = @saved_cs_client */;

--
-- Dumping data for table `file`
--

LOCK TABLES `file` WRITE;
/*!40000 ALTER TABLE `file` DISABLE KEYS */;
/*!40000 ALTER TABLE `file` ENABLE KEYS */;
UNLOCK TABLES;

--
-- Table structure for table `migrations`
--

DROP TABLE IF EXISTS `migrations`;
/*!40101 SET @saved_cs_client     = @@character_set_client */;
/*!50503 SET character_set_client = utf8mb4 */;
CREATE TABLE `migrations` (
  `id` int unsigned NOT NULL AUTO_INCREMENT,
  `migration` varchar(255) COLLATE utf8mb4_unicode_ci NOT NULL,
  `batch` int NOT NULL,
  PRIMARY KEY (`id`)
) ENGINE=InnoDB AUTO_INCREMENT=15 DEFAULT CHARSET=utf8mb4 COLLATE=utf8mb4_unicode_ci;
/*!40101 SET character_set_client = @saved_cs_client */;

--
-- Dumping data for table `migrations`
--

LOCK TABLES `migrations` WRITE;
/*!40000 ALTER TABLE `migrations` DISABLE KEYS */;
INSERT INTO `migrations` VALUES (1,'0000_00_00_000000_create_websockets_statistics_entries_table',1),(2,'2014_10_12_000000_create_users_table',1),(3,'2014_10_12_100000_create_password_resets_table',1),(4,'2019_08_19_000000_create_failed_jobs_table',1),(5,'2019_12_14_000001_create_personal_access_tokens_table',1),(6,'2022_08_16_111734_create_work_categories_table',1),(7,'2022_08_16_111933_create_work_table',1),(8,'2022_08_16_112404_create_file_table',1),(9,'2022_08_16_112446_create_document_file_table',1),(10,'2022_08_16_113937_create_task_table',1),(11,'2022_08_16_114239_create_user_task_table',1),(12,'2022_08_16_114842_create_task_answer_table',1),(13,'2022_08_16_115210_create_answer_comment_table',1),(14,'2022_08_16_115418_create_user_profile_table',1);
/*!40000 ALTER TABLE `migrations` ENABLE KEYS */;
UNLOCK TABLES;

--
-- Table structure for table `password_resets`
--

DROP TABLE IF EXISTS `password_resets`;
/*!40101 SET @saved_cs_client     = @@character_set_client */;
/*!50503 SET character_set_client = utf8mb4 */;
CREATE TABLE `password_resets` (
  `email` varchar(255) COLLATE utf8mb4_unicode_ci NOT NULL,
  `token` varchar(255) COLLATE utf8mb4_unicode_ci NOT NULL,
  `created_at` timestamp NULL DEFAULT NULL,
  KEY `password_resets_email_index` (`email`)
) ENGINE=InnoDB DEFAULT CHARSET=utf8mb4 COLLATE=utf8mb4_unicode_ci;
/*!40101 SET character_set_client = @saved_cs_client */;

--
-- Dumping data for table `password_resets`
--

LOCK TABLES `password_resets` WRITE;
/*!40000 ALTER TABLE `password_resets` DISABLE KEYS */;
/*!40000 ALTER TABLE `password_resets` ENABLE KEYS */;
UNLOCK TABLES;

--
-- Table structure for table `personal_access_tokens`
--

DROP TABLE IF EXISTS `personal_access_tokens`;
/*!40101 SET @saved_cs_client     = @@character_set_client */;
/*!50503 SET character_set_client = utf8mb4 */;
CREATE TABLE `personal_access_tokens` (
  `id` bigint unsigned NOT NULL AUTO_INCREMENT,
  `tokenable_type` varchar(255) COLLATE utf8mb4_unicode_ci NOT NULL,
  `tokenable_id` bigint unsigned NOT NULL,
  `name` varchar(255) COLLATE utf8mb4_unicode_ci NOT NULL,
  `token` varchar(64) COLLATE utf8mb4_unicode_ci NOT NULL,
  `abilities` text COLLATE utf8mb4_unicode_ci,
  `last_used_at` timestamp NULL DEFAULT NULL,
  `created_at` timestamp NULL DEFAULT NULL,
  `updated_at` timestamp NULL DEFAULT NULL,
  PRIMARY KEY (`id`),
  UNIQUE KEY `personal_access_tokens_token_unique` (`token`),
  KEY `personal_access_tokens_tokenable_type_tokenable_id_index` (`tokenable_type`,`tokenable_id`)
) ENGINE=InnoDB DEFAULT CHARSET=utf8mb4 COLLATE=utf8mb4_unicode_ci;
/*!40101 SET character_set_client = @saved_cs_client */;

--
-- Dumping data for table `personal_access_tokens`
--

LOCK TABLES `personal_access_tokens` WRITE;
/*!40000 ALTER TABLE `personal_access_tokens` DISABLE KEYS */;
/*!40000 ALTER TABLE `personal_access_tokens` ENABLE KEYS */;
UNLOCK TABLES;

--
-- Table structure for table `task`
--

DROP TABLE IF EXISTS `task`;
/*!40101 SET @saved_cs_client     = @@character_set_client */;
/*!50503 SET character_set_client = utf8mb4 */;
CREATE TABLE `task` (
  `id` bigint unsigned NOT NULL AUTO_INCREMENT,
  `work_id` bigint unsigned NOT NULL,
  `title` text COLLATE utf8mb4_unicode_ci NOT NULL,
  `description` text COLLATE utf8mb4_unicode_ci NOT NULL,
  `status` varchar(30) COLLATE utf8mb4_unicode_ci NOT NULL DEFAULT 'active',
  `created_at` timestamp NULL DEFAULT NULL,
  `updated_at` timestamp NULL DEFAULT NULL,
  PRIMARY KEY (`id`),
  KEY `task_work_id_foreign` (`work_id`),
  CONSTRAINT `task_work_id_foreign` FOREIGN KEY (`work_id`) REFERENCES `work` (`id`)
) ENGINE=InnoDB AUTO_INCREMENT=59 DEFAULT CHARSET=utf8mb4 COLLATE=utf8mb4_unicode_ci;
/*!40101 SET character_set_client = @saved_cs_client */;

--
-- Dumping data for table `task`
--

LOCK TABLES `task` WRITE;
/*!40000 ALTER TABLE `task` DISABLE KEYS */;
INSERT INTO `task` VALUES (2,8,'Quam voluptatum fuga animi. Recusandae fuga vel eos quia quia.','Atque qui vero qui facilis.','deadTime','2022-08-18 02:21:03','2022-08-18 02:21:03'),(3,8,'Velit alias aut nulla ab exercitationem libero. Et ipsum quidem et tempora. Maiores sint aut autem.','Exercitationem ex est asperiores sit.','active','2022-08-18 02:21:03','2022-08-18 02:21:03'),(4,8,'Est ullam cumque eum et voluptates. Qui ut quas officia consequatur aliquid id.','Ut et temporibus qui alias et.','active','2022-08-18 02:21:03','2022-08-18 02:21:03'),(5,7,'Illum minima consectetur et quos ullam esse. Sed laudantium nihil ullam reiciendis.','Reprehenderit ut voluptates qui.','late','2022-08-18 02:21:03','2022-08-18 02:21:03'),(7,9,'Voluptate eaque optio ipsum minima nulla. Aut sunt est tenetur nesciunt optio ut necessitatibus.','Quis ratione rerum dolor iure eveniet.','deadTime','2022-08-18 02:26:40','2022-08-18 02:26:40'),(9,7,'Sed rerum animi voluptatem fuga. Dignissimos ut aliquam veritatis veniam.','Ipsa ut sit neque qui.','deadTime','2022-08-18 02:28:55','2022-08-18 02:28:55'),(10,10,'Tempore est nostrum maiores non amet voluptatem qui.','Et sed omnis veritatis quibusdam alias.','onTime','2022-08-18 02:28:55','2022-08-18 02:28:55'),(11,8,'Repellat eos qui rem totam perspiciatis eum iure.','Adipisci nulla dolores deserunt.','deadTime','2022-08-18 02:28:55','2022-08-18 02:28:55'),(12,10,'Eveniet ex doloribus rerum sequi minima rem velit. Et ut error ad cum. Facere hic ipsum qui facere.','Recusandae dolor dolor alias.','active','2022-08-18 02:28:55','2022-08-18 02:28:55'),(13,13,'Eveniet dolore et animi. Aperiam deserunt qui eos animi laudantium.','Rerum ipsum voluptate sit cum ipsa.','deadTime','2022-08-18 02:28:55','2022-08-18 02:28:55'),(14,6,'Vel consequatur iste iste soluta tempore. Accusantium veritatis mollitia iure maxime autem omnis illum.','Et id sed iste id corporis nesciunt.','active','2022-08-18 02:28:55','2022-08-18 02:28:55'),(15,15,'Iste vel nemo qui eveniet dolorum. Vero autem quo ad nihil dolorem. Sit magnam architecto placeat amet in deserunt qui.','Iure eos quasi quia.','late','2022-08-18 02:28:55','2022-08-18 02:28:55'),(16,15,'Et consequuntur ipsa neque minima sit et assumenda dolor. Ea nobis et at veritatis accusantium.','Ut provident blanditiis id ad quae.','active','2022-08-18 02:28:55','2022-08-18 02:28:55'),(17,7,'Ut iste sint placeat. Modi quam dolores natus corrupti rerum.','Et excepturi est ad.','late','2022-08-18 02:28:55','2022-08-18 02:28:55'),(18,14,'Non eius recusandae cumque quibusdam est non asperiores.','Quo porro velit iste ut.','deadTime','2022-08-18 02:28:55','2022-08-18 02:28:55'),(19,7,'Et modi sed nihil quod. Fuga veniam molestiae quas accusantium. Et quidem eligendi et a.','Eveniet itaque quod et velit.','onTime','2022-08-18 02:28:55','2022-08-18 02:28:55'),(20,13,'Rerum qui aliquid rerum autem. Iste doloremque laudantium sint cumque ut quae officia.','Voluptatem qui nihil ipsum.','active','2022-08-18 02:28:55','2022-08-18 02:28:55'),(21,12,'Eos natus voluptatum voluptates. Eveniet consectetur qui distinctio.','Non iste quia itaque.','late','2022-08-18 02:28:55','2022-08-18 02:28:55'),(22,9,'Sequi adipisci omnis aut. Quia fugiat debitis repellendus qui veritatis. Minus amet culpa nemo ut.','Accusamus debitis omnis ut dolorem.','deadTime','2022-08-18 02:28:55','2022-08-18 02:28:55'),(23,13,'Reiciendis eaque in quidem odit. Fugiat molestiae pariatur quae veritatis nostrum et beatae.','Labore vel ducimus odio natus.','late','2022-08-18 02:28:55','2022-08-18 02:28:55'),(24,12,'Voluptatem sequi rerum iusto vero laboriosam molestiae eos neque.','Consectetur iure provident eveniet.','active','2022-08-18 02:28:55','2022-08-18 02:28:55'),(25,12,'Beatae deleniti aliquam asperiores non. Quia similique tempora doloribus.','In consequatur nam aliquid.','deadTime','2022-08-18 02:28:55','2022-08-18 02:28:55'),(26,9,'Asperiores nesciunt sed amet debitis. Qui ad accusamus vel facere.','Ullam corrupti corporis ea soluta.','active','2022-08-18 02:28:55','2022-08-18 02:28:55'),(27,11,'Et dolore optio id mollitia. Modi non magnam non perspiciatis reprehenderit.','Ipsa aut est non vero nam est.','onTime','2022-08-18 02:28:55','2022-08-18 02:28:55'),(28,13,'Dolores eius exercitationem nam voluptatem.','Fugit veniam unde enim.','active','2022-08-18 02:28:55','2022-08-18 02:28:55'),(29,10,'Sequi at facilis repellendus consequatur illum facilis.','Est quos laboriosam aut impedit.','onTime','2022-08-18 02:28:55','2022-08-18 02:28:55'),(30,13,'Est laboriosam voluptatem quod. Reiciendis et eaque ea voluptas. Quia eos ipsum explicabo commodi.','Temporibus occaecati quis vel sit.','onTime','2022-08-18 02:28:55','2022-08-18 02:28:55'),(31,15,'Repudiandae explicabo aut velit mollitia tempora. Dolores nobis architecto saepe facere velit.','Velit voluptas fuga non repudiandae.','onTime','2022-08-18 02:28:55','2022-08-18 02:28:55'),(32,13,'Quasi inventore sed vel quaerat. In aut sint quidem alias et ut. Perferendis rerum laborum sit.','Dolorum et neque voluptas qui sed.','deadTime','2022-08-18 02:28:55','2022-08-18 02:28:55'),(33,7,'Maxime et eveniet earum. Perferendis est est autem provident modi saepe excepturi amet.','Vel nostrum soluta et a.','onTime','2022-08-18 02:28:55','2022-08-18 02:28:55'),(34,8,'Sunt odio quidem perspiciatis voluptatem neque rerum.','Et praesentium molestiae sit.','deadTime','2022-08-18 02:28:55','2022-08-18 02:28:55'),(35,15,'Et odit aut aliquid. Odit dolorem aliquam ipsam. Sint similique sit quam.','Nihil laboriosam quos eum magni error.','onTime','2022-08-18 02:28:55','2022-08-18 02:28:55'),(36,11,'Maxime quis tempora accusantium sit. Aut rem voluptas quo voluptatem repellendus.','Rerum totam ea qui dolores in a amet.','deadTime','2022-08-18 02:28:55','2022-08-18 02:28:55'),(37,11,'Dolores nulla ipsam reiciendis sunt esse unde. Id similique doloribus accusamus facilis.','Earum voluptas vel vitae quis.','late','2022-08-18 02:28:55','2022-08-18 02:28:55'),(38,13,'Illum praesentium numquam est molestias. Harum dolore repudiandae officia omnis consectetur.','Culpa voluptatem nihil aut non.','late','2022-08-18 02:28:55','2022-08-18 02:28:55'),(39,14,'Magni eum autem nisi quo vero. Omnis perferendis nisi quasi praesentium quia sit.','Voluptatem illo perferendis id.','late','2022-08-18 02:28:55','2022-08-18 02:28:55'),(40,7,'Delectus eum officia ut eum sequi dolores voluptatem. Dolores minima laudantium ducimus.','Porro vero earum harum pariatur velit.','onTime','2022-08-18 02:28:55','2022-08-18 02:28:55'),(41,12,'Facere rerum corporis velit aliquid voluptas a sunt.','Non qui id aut.','onTime','2022-08-18 02:28:55','2022-08-18 02:28:55'),(42,7,'Sed corporis molestiae id fuga rerum qui expedita.','Quisquam sed aut nam suscipit.','active','2022-08-18 02:28:55','2022-08-18 02:28:55'),(43,13,'Totam labore ut accusantium doloribus. Dolor quos praesentium et qui hic.','Vitae at dolore voluptatem autem quia.','deadTime','2022-08-18 02:28:55','2022-08-18 02:28:55'),(44,13,'Dolorem at aut eaque velit laborum. Sed quia est ut voluptas excepturi qui placeat. Ut odio libero unde sed.','Cum aut possimus porro voluptate.','active','2022-08-18 02:28:55','2022-08-18 02:28:55'),(45,15,'Voluptatum praesentium doloribus explicabo eius facilis beatae porro.','Maiores incidunt maxime minima id.','active','2022-08-18 02:28:55','2022-08-18 02:28:55'),(46,15,'Harum occaecati et omnis. Doloribus et vel ea nihil. Sed aut aut quis quasi.','Voluptatibus dolore ducimus ut quidem.','active','2022-08-18 02:28:55','2022-08-18 02:28:55'),(47,14,'Iste veniam hic distinctio eos sed. Voluptatem quasi quia quos sed. Rerum voluptas eos ut quis et aut.','In suscipit consequuntur sed vitae.','onTime','2022-08-18 02:28:55','2022-08-18 02:28:55'),(48,15,'In quis omnis ut amet voluptatem error. Nihil aut amet delectus suscipit omnis.','Sit recusandae ut ab modi.','late','2022-08-18 02:28:55','2022-08-18 02:28:55'),(49,7,'Beatae iste et quod possimus sed et qui accusantium. Odio eveniet nobis earum ea.','Molestias inventore et est tempore.','deadTime','2022-08-18 02:28:55','2022-08-18 02:28:55'),(50,6,'Et aut blanditiis beatae. Eum mollitia quas amet minus. Expedita fuga facere esse quasi eum deleniti et.','Qui est qui quia omnis dolores quos.','deadTime','2022-08-18 02:28:55','2022-08-18 02:28:55'),(51,12,'Earum et quia velit qui sunt nisi itaque. Consequatur ducimus quo ab nesciunt fugit.','Enim eius soluta molestias non veniam.','active','2022-08-18 02:28:55','2022-08-18 02:28:55'),(52,11,'Quis tempore sed quis. Ut reprehenderit nostrum itaque quae.','Ab accusantium culpa ut quidem.','onTime','2022-08-18 02:28:55','2022-08-18 02:28:55'),(53,9,'Et reprehenderit fugit quas illo ipsum et.','Quidem odio rerum omnis.','late','2022-08-18 02:28:55','2022-08-18 02:28:55'),(54,12,'Incidunt quis officiis dicta repellendus perspiciatis. Aspernatur incidunt error ut debitis quos totam.','Sint nisi qui nihil.','onTime','2022-08-18 02:28:55','2022-08-18 02:28:55'),(55,8,'Consequatur odio rerum repellat quas quo qui.','Velit dolor iusto est ab.','onTime','2022-08-18 02:28:55','2022-08-18 02:28:55'),(56,15,'Quis voluptatum dolorem cumque sequi eius incidunt. Enim placeat non aut.','Illo magni et quae.','active','2022-08-18 02:28:55','2022-08-18 02:28:55'),(57,15,'Et voluptatem sint eum id. Doloribus qui nam amet eos. Aut excepturi vitae quo sint.','Culpa est ipsum labore saepe ad.','onTime','2022-08-18 02:28:55','2022-08-18 02:28:55'),(58,9,'Modi nemo officia sequi libero. Natus quis velit rem incidunt magnam est odio.','Aut voluptas magni et sunt tenetur.','onTime','2022-08-18 02:28:55','2022-08-18 02:28:55');
/*!40000 ALTER TABLE `task` ENABLE KEYS */;
UNLOCK TABLES;

--
-- Table structure for table `task_answer`
--

DROP TABLE IF EXISTS `task_answer`;
/*!40101 SET @saved_cs_client     = @@character_set_client */;
/*!50503 SET character_set_client = utf8mb4 */;
CREATE TABLE `task_answer` (
  `id` bigint unsigned NOT NULL AUTO_INCREMENT,
  `title` text COLLATE utf8mb4_unicode_ci NOT NULL,
  `description` text COLLATE utf8mb4_unicode_ci NOT NULL,
  `viewed` int NOT NULL DEFAULT '0',
  `status` varchar(30) COLLATE utf8mb4_unicode_ci NOT NULL DEFAULT 'active',
  `user_task_id` bigint unsigned NOT NULL,
  `created_at` timestamp NULL DEFAULT NULL,
  `updated_at` timestamp NULL DEFAULT NULL,
  PRIMARY KEY (`id`),
  KEY `task_answer_user_task_id_foreign` (`user_task_id`),
  CONSTRAINT `task_answer_user_task_id_foreign` FOREIGN KEY (`user_task_id`) REFERENCES `user_task` (`id`)
) ENGINE=InnoDB AUTO_INCREMENT=137 DEFAULT CHARSET=utf8mb4 COLLATE=utf8mb4_unicode_ci;
/*!40101 SET character_set_client = @saved_cs_client */;

--
-- Dumping data for table `task_answer`
--

LOCK TABLES `task_answer` WRITE;
/*!40000 ALTER TABLE `task_answer` DISABLE KEYS */;
INSERT INTO `task_answer` VALUES (1,'Voluptates quos quia architecto ut eos.','Recusandae amet qui eaque illum enim. Aliquid qui ea nostrum iure. Asperiores iusto quos error reiciendis dolorum numquam a. Reprehenderit est adipisci eos eum.',23,'deadTime',177,'2022-08-19 06:27:05','2022-08-19 06:27:05'),(2,'Quisquam nemo ipsam voluptas aliquid necessitatibus sunt vero.','Quis dignissimos ut praesentium qui voluptatem consequatur officia. Cum vel nihil corrupti incidunt.',14,'onTime',260,'2022-08-19 06:27:05','2022-08-19 06:27:05'),(3,'Consequuntur est facilis asperiores ea maxime. Voluptatem laborum est rerum magni veritatis qui beatae.','Dolorem voluptas velit animi debitis perspiciatis facilis rerum. Officiis vero ea rem at. Ut quia doloribus id aut quia et corrupti.',50,'onTime',446,'2022-08-19 06:27:05','2022-08-19 06:27:05'),(4,'In similique et est eos iusto laboriosam dolore. Aut consequatur incidunt architecto iure dolorem.','Dignissimos nesciunt sint voluptas qui. Cumque nam et consequatur et aliquid voluptatem. Natus est mollitia a. Repellendus eos et expedita et ipsa.',30,'late',84,'2022-08-19 06:27:05','2022-08-19 06:27:05'),(5,'Excepturi asperiores debitis labore adipisci. Deserunt qui ratione doloremque facere nam neque.','Officia eum tenetur explicabo nihil est sit. Velit consequatur vero voluptatem et error. Nesciunt est non facilis nihil vel voluptate quo. Et id sit quis at.',45,'active',19,'2022-08-19 06:27:05','2022-08-19 06:27:05'),(6,'Deserunt suscipit vero aliquam assumenda dolores et earum.','Architecto sunt ratione quis rerum voluptates dolorem possimus. Dolor autem blanditiis eius enim molestiae.',50,'late',203,'2022-08-19 06:27:05','2022-08-19 06:27:05'),(7,'Rerum est quis excepturi libero necessitatibus. Dignissimos ducimus ratione quasi nobis earum enim.','Beatae quaerat excepturi iste nemo exercitationem. Expedita recusandae corrupti asperiores qui rerum nam molestiae. Et doloribus enim quidem et. Neque et qui voluptas qui.',41,'late',21,'2022-08-19 06:27:05','2022-08-19 06:27:05'),(8,'Quod qui nesciunt molestias fugit officiis accusamus quasi. Consequuntur eos voluptas quidem ipsa.','Est excepturi minus consequuntur placeat quae accusamus voluptatum et. Et optio est perspiciatis esse sed corrupti sint. Ea quis minus dicta atque.',25,'active',305,'2022-08-19 06:27:05','2022-08-19 06:27:05'),(9,'Minus est est accusantium enim. Placeat est officiis quidem omnis. Ad iusto nulla quo aut.','Et sapiente id voluptatem aliquid eligendi. In eius vel qui. Quia enim unde qui quisquam. Qui ad totam sit dolorem qui quam.',48,'deadTime',427,'2022-08-19 06:27:05','2022-08-19 06:27:05'),(10,'Deleniti odit rerum et molestias ea. Sint neque sint repellendus sequi perspiciatis sunt rem.','Est dolores nisi at expedita est adipisci eveniet. Reiciendis facere impedit voluptatem. Est accusamus deserunt eaque. Natus at consequatur sunt nobis voluptas.',30,'deadTime',293,'2022-08-19 06:27:05','2022-08-19 06:27:05'),(11,'Et numquam quia eum sit. Et animi enim fuga dicta. Delectus facere pariatur consequatur autem.','Eius molestiae nam ipsum et aperiam optio ut. In ducimus odit impedit dolore voluptates quia. Sunt qui sit quia nobis. Et debitis quo suscipit architecto.',8,'late',21,'2022-08-19 06:27:05','2022-08-19 06:27:05'),(12,'Quo eos deleniti ut porro qui quas. Earum commodi rem quas facere officia et laboriosam quae.','Ut nam perspiciatis laborum facilis mollitia id. Dolorem deleniti qui maxime est ipsam aut ut earum. Qui hic itaque et ipsum voluptatem veniam.',4,'deadTime',22,'2022-08-19 06:27:05','2022-08-19 06:27:05'),(13,'Delectus beatae facilis id dolore temporibus omnis. Nulla dolor ducimus qui et provident.','Quos quod quae qui nobis maiores quia quidem. Delectus minima temporibus laudantium aut ex. Minima quia ut corrupti quas ducimus et.',15,'deadTime',196,'2022-08-19 06:27:05','2022-08-19 06:27:05'),(14,'In ut mollitia qui similique delectus doloribus perspiciatis.','Assumenda velit officiis culpa amet temporibus accusantium nihil non. Minus non placeat in. Expedita dolore itaque ipsa illo dolore ullam.',47,'late',163,'2022-08-19 06:27:05','2022-08-19 06:27:05'),(15,'Quae dolorum earum error esse adipisci aut consectetur. Omnis totam et vel laborum. Quis illum ullam laborum.','Dolor fuga aperiam iure sint. Est odit quis consequuntur reprehenderit tenetur. Veniam consequatur omnis omnis voluptas qui.',49,'onTime',202,'2022-08-19 06:27:05','2022-08-19 06:27:05'),(16,'Ut quis natus nulla soluta vel eum. Ea aperiam consectetur tempore. Minima ut illo quia et corrupti.','Et a dolores rerum iure in sint. Ratione facere sequi ut. Placeat eligendi aut totam neque.',20,'active',405,'2022-08-19 06:27:05','2022-08-19 06:27:05'),(17,'Quod est consequatur incidunt quidem. Totam aspernatur aperiam ad id.','Qui voluptate quia impedit corporis tempore error. Voluptates ea incidunt quisquam quasi a voluptas. Quaerat placeat dolorem aut aliquam dolores delectus repellendus.',13,'onTime',451,'2022-08-19 06:27:05','2022-08-19 06:27:05'),(18,'Voluptas et ut sit quia ratione quaerat omnis. Ullam dolor ipsum ratione qui tempora quis.','Quasi sed qui impedit qui et recusandae. A alias doloremque asperiores pariatur ipsum soluta aut. Velit exercitationem dolor ea fuga.',21,'late',295,'2022-08-19 06:27:05','2022-08-19 06:27:05'),(19,'Explicabo minus possimus ullam blanditiis tenetur nulla. Velit qui nihil hic et est.','Et qui voluptatem id esse suscipit quam corrupti. Est nostrum dolor nam accusamus suscipit. Minus eum minima nemo harum.',2,'onTime',303,'2022-08-19 06:27:05','2022-08-19 06:27:05'),(20,'Minus minima repellendus et placeat necessitatibus.','In rerum asperiores dicta unde dolor id recusandae. Sit magni eveniet earum pariatur. Quam a qui quasi quo qui explicabo labore.',45,'onTime',196,'2022-08-19 06:27:05','2022-08-19 06:27:05'),(21,'Maxime nihil nobis sit ut. Quis laboriosam quia cum nam est illo nam. Voluptatum aut ullam dignissimos repellat.','Omnis quo sed cumque ea ut ut. Repellat aut cupiditate ea nostrum. Aut odio deleniti ut excepturi impedit odit unde.',30,'deadTime',151,'2022-08-19 06:27:05','2022-08-19 06:27:05'),(22,'A dicta labore consequatur reprehenderit dicta. Voluptatem vero omnis praesentium voluptatem.','Quisquam ut dignissimos sit nisi consectetur. Rem accusantium provident et nemo et rerum quidem. Eligendi aut et et facilis nulla aut velit.',15,'late',85,'2022-08-19 06:27:05','2022-08-19 06:27:05'),(23,'Atque ut consectetur velit dolorem. Eum praesentium aut sunt voluptas. Sed ut eos esse est possimus molestiae.','Neque dolores nulla odio error eos. Adipisci culpa non dolor fugit necessitatibus sequi. Tempora qui velit quaerat voluptate sint magnam.',30,'onTime',323,'2022-08-19 06:27:05','2022-08-19 06:27:05'),(24,'Ipsa impedit blanditiis qui fugiat voluptas rem. Nulla in vel et autem officia.','Fugiat occaecati iusto qui quia. Quis eos hic ratione eaque reiciendis sit deserunt. Qui voluptatem impedit autem optio.',36,'deadTime',376,'2022-08-19 06:27:05','2022-08-19 06:27:05'),(25,'Itaque alias at nesciunt non et. At quos impedit sunt molestias facere.','Quibusdam corrupti et assumenda asperiores enim sint. Omnis saepe qui sit laudantium tempora laborum ad. Ab quia qui voluptatem molestiae sunt.',41,'late',336,'2022-08-19 06:27:05','2022-08-19 06:27:05'),(26,'Eligendi ipsa quidem illo perspiciatis quisquam rem doloribus.','Laborum iste numquam hic iste accusantium. Minima qui ipsam nihil harum qui quisquam eos debitis. Quo voluptas repudiandae amet laborum saepe.',50,'deadTime',101,'2022-08-19 06:27:05','2022-08-19 06:27:05'),(27,'Est et quasi dolor. Placeat reiciendis adipisci autem accusamus vero.','Sunt minima ducimus error quia non repellendus. Doloremque quisquam praesentium quia fugit autem. Tempore non ex omnis et ut.',19,'deadTime',334,'2022-08-19 06:27:05','2022-08-19 06:27:05'),(28,'Ea omnis qui quo nam modi pariatur. Repudiandae iusto asperiores adipisci vel at. Aut non expedita sed.','Voluptates cum et quasi excepturi. Minus molestias qui ex quo aut.',10,'active',448,'2022-08-19 06:27:05','2022-08-19 06:27:05'),(30,'Aut voluptas cumque quibusdam illum consequuntur dolor eum.','Culpa placeat molestias enim optio ad velit nesciunt. Eaque iusto quam sed quia odio. Optio beatae et deserunt est cum ut.',50,'onTime',99,'2022-08-19 06:28:13','2022-08-19 06:28:13'),(31,'Blanditiis quae officiis quis nemo ipsa quis omnis. Beatae porro beatae mollitia eveniet.','Rem atque id tenetur et aliquid. Et dolor cupiditate rem vel voluptas. Voluptas voluptatem neque nesciunt odio iste.',29,'deadTime',165,'2022-08-19 06:28:13','2022-08-19 06:28:13'),(32,'Accusamus amet unde voluptas sunt laudantium.','Rerum sint quia nihil eos dolorum quisquam laudantium. Sit sequi velit deserunt eum rerum aperiam. Quo ullam sapiente omnis et in ipsam.',21,'late',397,'2022-08-19 06:28:13','2022-08-19 06:28:13'),(33,'Quia dolor tempora error esse et distinctio earum est. Hic eius atque iure qui quam et ut.','Explicabo officia quidem molestiae odit accusantium molestiae. Error tenetur quia necessitatibus consequatur consectetur. Eligendi exercitationem aliquid esse velit.',46,'active',413,'2022-08-19 06:28:13','2022-08-19 06:28:13'),(34,'Provident et quos saepe modi. Nulla odit distinctio facilis illum qui ea eaque. Quia praesentium iusto porro quia.','Numquam ipsum ut repudiandae aut perspiciatis ullam cumque aut. Ducimus aut magnam quaerat labore consequatur voluptatem nesciunt nostrum. Aliquid vero nihil alias error.',6,'deadTime',120,'2022-08-19 06:28:13','2022-08-19 06:28:13'),(35,'Minima fugit molestiae et nihil dicta reiciendis. Id vero cumque rem. Adipisci aut aliquam est facere.','Labore aut aut accusantium. Nobis necessitatibus harum quos occaecati ipsa. Cupiditate et modi iste quibusdam hic numquam est.',24,'active',67,'2022-08-19 06:28:13','2022-08-19 06:28:13'),(36,'Soluta et tempora fugiat est aspernatur neque.','Eveniet nulla delectus expedita neque placeat eligendi. Aut dolorem dolor quidem reiciendis voluptas recusandae ea laborum. Pariatur enim ut soluta id.',20,'deadTime',128,'2022-08-19 06:28:13','2022-08-19 06:28:13'),(37,'Odit qui amet optio vel explicabo consequatur sunt. Enim voluptas totam odit similique dolorem aut eum nihil.','In quos sunt ducimus cum. Et quam qui alias laboriosam voluptate. Eaque nostrum ratione nostrum corporis est nam totam. Quia ab aut occaecati sint nobis voluptatem.',37,'deadTime',53,'2022-08-19 06:28:13','2022-08-19 06:28:13'),(38,'Explicabo ut odit ratione nesciunt neque iste. Dolores et sit molestiae itaque.','Repellendus inventore dicta architecto omnis. Temporibus quae blanditiis et eius minus. Inventore ut quos animi qui.',21,'late',328,'2022-08-19 06:28:13','2022-08-19 06:28:13'),(39,'Id voluptas non pariatur et quis. Labore sed corporis non ipsum quis autem.','Dolorem accusamus dolores voluptate eos vitae dolor. Molestiae ut tenetur architecto. Dolorem facere ex minima qui non est soluta.',37,'late',288,'2022-08-19 06:28:13','2022-08-19 06:28:13'),(40,'Sunt aliquam iste dolor. Nihil illo beatae non facilis. Velit odio amet repellat dignissimos.','Doloremque ullam qui cum facere est. Aut est id velit architecto perferendis dolorum.',9,'onTime',15,'2022-08-19 06:28:13','2022-08-19 06:28:13'),(41,'Animi quibusdam tempora corporis natus sed sed. Odit ullam esse commodi nisi.','Sint inventore iste iste et. Ducimus rerum officia nesciunt qui dolor exercitationem est. Rem aliquam nulla consequuntur ut eligendi.',39,'late',334,'2022-08-19 06:28:13','2022-08-19 06:28:13'),(42,'Eos quia dicta omnis quo sit. Est ullam voluptas consequuntur esse voluptatem. Perspiciatis quisquam sit repellat.','Excepturi magni recusandae quod laborum. Et aut enim ullam reiciendis soluta earum. Hic et qui odit amet dolore cumque.',38,'late',211,'2022-08-19 06:28:13','2022-08-19 06:28:13'),(43,'Magnam ducimus tenetur doloribus ut ut voluptate. Culpa ut qui distinctio dolorum nostrum rerum.','Molestiae saepe ex officia non. Sunt mollitia laudantium qui dolores. Sunt sunt harum ad similique.',50,'active',2,'2022-08-19 06:28:13','2022-08-19 06:28:13'),(44,'Laudantium quia velit praesentium inventore. Tempora et provident laudantium explicabo ut qui.','Sint aut et animi minus voluptatem explicabo reprehenderit. Quasi natus voluptas excepturi ipsam aperiam est ducimus. Nemo ipsum est et earum delectus.',14,'late',5,'2022-08-19 06:28:13','2022-08-19 06:28:13'),(45,'Voluptas temporibus iste quae nostrum ex. Cum cumque maxime ducimus quia nobis.','Laudantium eum et porro natus. Perferendis molestias quia qui quis. In in ea eos. Voluptatum voluptatem vel amet qui. Impedit voluptatem officiis fugiat perferendis.',20,'late',70,'2022-08-19 06:28:13','2022-08-19 06:28:13'),(46,'Ipsum dolorum est dolores officiis incidunt molestiae. Quasi quas quae qui nostrum odit.','Reprehenderit impedit unde praesentium id est officia vitae. Nihil deserunt rerum fugiat nam. Similique dolores molestias harum quia velit delectus sed.',26,'active',208,'2022-08-19 06:28:13','2022-08-19 06:28:13'),(47,'Enim unde laudantium possimus facere. Id est aut nesciunt et qui voluptatem.','Nemo exercitationem nesciunt vel. Voluptatem provident quasi inventore aperiam at.',3,'deadTime',5,'2022-08-19 06:28:13','2022-08-19 06:28:13'),(48,'Et aperiam vitae suscipit. Distinctio dolor porro est qui et. Minima aut nobis repudiandae natus impedit.','Soluta numquam soluta excepturi architecto. Est et qui voluptas. Temporibus ea placeat molestiae reprehenderit. Nisi voluptatibus hic repudiandae est maxime numquam sit dolor.',9,'deadTime',20,'2022-08-19 06:28:13','2022-08-19 06:28:13'),(49,'Deserunt incidunt est et cumque rerum.','Ut temporibus fugit iusto tempore doloribus quo est. Magni aut aspernatur rem natus. Voluptates numquam repudiandae eos at deleniti aut.',29,'onTime',282,'2022-08-19 06:28:13','2022-08-19 06:28:13'),(50,'Non voluptatem iusto fugiat rerum. Accusantium non ad omnis sequi eos laudantium voluptas.','Aut eum et nihil facilis autem aliquid. Dolore nihil dolorem assumenda pariatur. Quisquam nobis et et. Et pariatur velit rem consequatur.',44,'active',342,'2022-08-19 06:28:13','2022-08-19 06:28:13'),(51,'Nulla et cumque voluptates et ad quia ullam. Illum qui et molestias magnam ducimus.','Ipsam aut velit sunt debitis repellat rerum saepe. Dicta ullam voluptate rerum deleniti. Debitis soluta et recusandae alias.',18,'active',55,'2022-08-19 06:28:13','2022-08-19 06:28:13'),(52,'Tenetur in et illum quas pariatur doloremque quo. Dolor similique quod tempora saepe.','Ut ut praesentium officia adipisci. Quasi esse voluptatem quia qui itaque incidunt ducimus blanditiis.',11,'active',153,'2022-08-19 06:28:13','2022-08-19 06:28:13'),(53,'Placeat ut totam rerum tenetur et possimus. Fugiat autem sint in consequatur est.','Et est eum voluptate voluptates quo omnis omnis consequuntur. Expedita deleniti non incidunt quasi deserunt sequi ipsam. Enim libero ea minima et magni.',31,'deadTime',335,'2022-08-19 06:28:13','2022-08-19 06:28:13'),(54,'Quasi minus natus est itaque ipsa. Deleniti autem nulla error quis.','Laborum id eius nihil ullam earum animi. Dignissimos pariatur doloribus distinctio atque. Alias odio nam dolor nesciunt quaerat accusantium.',13,'active',111,'2022-08-19 06:28:13','2022-08-19 06:28:13'),(55,'Deserunt tempore iure blanditiis pariatur assumenda. Nesciunt odio neque cumque quia.','Possimus nam temporibus impedit alias rem animi iste veniam. Pariatur iure similique quod qui voluptas. Maxime harum vero mollitia qui quisquam earum.',44,'active',429,'2022-08-19 06:28:13','2022-08-19 06:28:13'),(56,'Ducimus possimus asperiores earum.','Sed animi voluptatum repellat aut quia molestiae. Incidunt ab amet quibusdam ut autem officia. Ut nam amet cumque veniam.',20,'onTime',408,'2022-08-19 06:28:13','2022-08-19 06:28:13'),(57,'Quasi neque accusamus temporibus ut cupiditate.','Numquam eum beatae voluptate. Aut sed distinctio quo voluptatem et velit iure. Laboriosam eos id eum est modi.',30,'active',175,'2022-08-19 06:28:13','2022-08-19 06:28:13'),(58,'Maxime aut in laudantium non. Ipsam voluptatem earum recusandae ipsum.','Provident nesciunt ut maxime sint fugit et doloribus. Harum dolore et dicta ipsum. Ratione et ipsa aperiam amet. Neque vel id dolor eum.',7,'onTime',250,'2022-08-19 06:28:13','2022-08-19 06:28:13'),(59,'Sed et minima expedita nam assumenda ut. Enim adipisci neque quia. Facere et ex et voluptate.','Et qui est quidem quae unde quibusdam. Qui exercitationem a et repudiandae. Non suscipit enim non et. Non sunt occaecati eos hic et amet.',35,'deadTime',294,'2022-08-19 06:28:13','2022-08-19 06:28:13'),(61,'Est deleniti sed at autem. Quasi est qui accusantium et sint officiis.','Fugiat minus velit totam. Molestiae eum sint eos nobis debitis animi culpa. Consequatur enim odit nam.',30,'onTime',432,'2022-08-19 06:28:57','2022-08-19 06:28:57'),(62,'Quae sed rem suscipit praesentium suscipit sint quae. Explicabo dolores quidem aut ut ipsa sapiente.','Possimus illo qui libero aut. Ut nobis sunt dolor. Ut magnam eum et.',45,'late',426,'2022-08-19 06:28:57','2022-08-19 06:28:57'),(63,'Reiciendis occaecati et debitis ea.','Ratione et sunt voluptas enim ut temporibus rem. Nihil consectetur quod aperiam vitae voluptatem. Explicabo voluptates eligendi id necessitatibus.',31,'active',251,'2022-08-19 06:28:57','2022-08-19 06:28:57'),(64,'Et quo voluptas et enim. Labore odit possimus reprehenderit delectus suscipit accusamus quod.','Voluptatem vero recusandae deleniti sint similique accusantium. Accusantium laudantium repellendus consequatur. Corporis laudantium pariatur eum repudiandae non.',15,'late',134,'2022-08-19 06:28:57','2022-08-19 06:28:57'),(65,'Vel distinctio sed qui et nihil voluptatem. Ducimus dolore hic delectus recusandae.','Nemo quo maiores rerum est eligendi qui animi. Maxime animi totam amet est facilis in soluta. Eos dolorem distinctio sed et dicta provident.',18,'late',272,'2022-08-19 06:28:57','2022-08-19 06:28:57'),(66,'Voluptas aperiam ut magni ipsum sit cum expedita.','Voluptatem non fuga sit laboriosam quasi dolorem. Nisi ad tempora ipsam et dolores. Quia iste voluptates necessitatibus dolores odio.',34,'late',410,'2022-08-19 06:28:57','2022-08-19 06:28:57'),(67,'Reprehenderit debitis doloribus nihil architecto eos.','Et fugit corrupti minima harum. Est voluptatibus nisi veniam voluptates. Eos quaerat quae ab voluptatem quia qui porro. Explicabo animi corporis culpa natus.',6,'late',88,'2022-08-19 06:28:57','2022-08-19 06:28:57'),(68,'Tempora quo aliquam nihil consectetur voluptates ut.','Ipsum et nesciunt neque earum. Fugit excepturi ut dolore eveniet libero quaerat.',26,'deadTime',206,'2022-08-19 06:28:57','2022-08-19 06:28:57'),(69,'Est dolores unde aut odit qui quo numquam.','Ipsum consequatur in quo repellat aliquam dolorum. Et minima beatae eaque sint et magni. Recusandae deserunt voluptas consequatur ratione.',28,'late',447,'2022-08-19 06:28:57','2022-08-19 06:28:57'),(70,'Ut occaecati et consectetur vero eum ducimus molestiae. Iusto esse quia id rem ab.','Iure sequi ut consequatur nulla quod nihil consequatur fugit. Qui itaque labore repellat sequi ullam. Soluta assumenda voluptatem debitis ut eius.',37,'onTime',372,'2022-08-19 06:28:57','2022-08-19 06:28:57'),(71,'Adipisci temporibus id vel magni consequatur quas eius.','Doloremque enim et voluptas provident maxime ea occaecati earum. Qui temporibus hic odio aut. Quod eius id enim consequatur velit fugit. Voluptas quo molestiae ullam ratione aut.',34,'deadTime',90,'2022-08-19 06:28:57','2022-08-19 06:28:57'),(72,'Provident tempore recusandae sed quis labore. Est nobis similique odit officiis provident eaque.','Quo sed autem nihil perferendis. Enim alias molestiae fuga animi est nobis possimus nemo. Ipsam nesciunt ut aliquam qui facilis perspiciatis. Tenetur odio vel quo.',42,'onTime',1,'2022-08-19 06:28:57','2022-08-19 06:28:57'),(73,'Aliquid cumque occaecati et laboriosam ad cum autem modi. Delectus hic ut consequatur aut laborum nesciunt magni.','Dignissimos quae in veniam voluptas. Saepe magnam minima quia similique. Ut aliquid vero officia ratione impedit.',4,'active',276,'2022-08-19 06:28:57','2022-08-19 06:28:57'),(74,'Dolor commodi dolores molestiae vel quo. Ut iusto maxime error.','Aut temporibus reprehenderit velit neque et voluptas aut. Quis tenetur ullam molestiae illo.',3,'active',55,'2022-08-19 06:28:57','2022-08-19 06:28:57'),(75,'Ut voluptates delectus temporibus eligendi consequatur. Natus at facilis fugit quia porro.','Enim quos sapiente illo illo at. Corporis voluptas omnis iusto culpa iure maxime. Cum est voluptas voluptates ipsam.',14,'late',443,'2022-08-19 06:28:57','2022-08-19 06:28:57'),(76,'Ab necessitatibus neque omnis placeat voluptate eaque. Et deleniti ut id.','Dolore earum iure nostrum nam et. Accusamus qui aut qui sunt deserunt laborum. Impedit eos ea quae incidunt qui vero voluptate. Mollitia in ullam rerum atque.',38,'onTime',148,'2022-08-19 06:28:57','2022-08-19 06:28:57'),(77,'Praesentium enim odit quo ut. Explicabo ullam quo aut sed ea dolores qui.','Voluptate distinctio sequi laborum voluptatibus optio qui eum amet. Numquam eos officia suscipit aliquam ea molestiae asperiores. Nostrum consequatur qui et facilis.',42,'active',240,'2022-08-19 06:28:57','2022-08-19 06:28:57'),(78,'Amet libero fugiat necessitatibus fuga qui. Explicabo rerum praesentium molestiae amet. Odio dolores optio odio.','Est facere veritatis est doloremque dolorem rerum. Assumenda qui quia id et deserunt iusto voluptatibus. Vel harum ab aut eius voluptatem iste.',42,'active',354,'2022-08-19 06:28:57','2022-08-19 06:28:57'),(79,'Autem distinctio fugit occaecati placeat.','Cupiditate numquam alias nihil. Et sint doloribus quasi sed saepe. Sequi provident excepturi autem sit. Dolorem ab aut nihil sequi commodi ad.',39,'deadTime',341,'2022-08-19 06:28:57','2022-08-19 06:28:57'),(80,'Sapiente dignissimos molestiae nisi assumenda rem veritatis. Est et quis labore maxime.','Perferendis in quae incidunt quia. Aut est at hic ipsum. Sint dolorum tempore nihil laborum omnis.',40,'active',178,'2022-08-19 06:28:57','2022-08-19 06:28:57'),(81,'Magni id voluptas quos. Eligendi qui impedit et quia et autem non sit. Libero error aut incidunt.','Et enim aut nihil debitis iure numquam. Ab magni nisi necessitatibus non doloremque. Reiciendis non omnis consequatur et.',40,'deadTime',361,'2022-08-19 06:28:57','2022-08-19 06:28:57'),(83,'Ut voluptas consequatur ut doloremque repellat. Deleniti est placeat in. Amet repudiandae culpa eum qui placeat.','Voluptas dolores maxime velit voluptas impedit aut. Ab sed est tempora voluptas unde nihil adipisci modi. Ut quibusdam quidem numquam magnam accusamus.',15,'late',25,'2022-08-19 06:29:17','2022-08-19 06:29:17'),(84,'Suscipit perferendis in harum neque eligendi nisi.','Et maxime expedita alias non eveniet est delectus. Doloribus hic qui non distinctio qui id repellendus. Quia est minima doloribus earum porro quis.',25,'deadTime',9,'2022-08-19 06:29:17','2022-08-19 06:29:17'),(85,'Placeat quod in amet id. Consequatur enim a qui incidunt sint. Ullam ratione sed dolore eos.','Ea aut voluptates est. In occaecati sit expedita sit dolores hic voluptas. Sint rerum tempora iusto occaecati.',25,'late',48,'2022-08-19 06:29:17','2022-08-19 06:29:17'),(86,'Beatae et eaque nam. Et animi libero maiores. Minus cupiditate asperiores facilis nisi accusamus beatae.','Alias distinctio sit ad eos. Fugiat vel voluptatem voluptatibus expedita dolor nisi error. Consectetur et ea at. Repellendus ad nobis modi consequatur est et voluptatum.',41,'active',290,'2022-08-19 06:29:17','2022-08-19 06:29:17'),(88,'Ut distinctio enim exercitationem voluptatem. Ea velit alias consequatur veniam.','Ut beatae rerum dolorum sed repudiandae. Exercitationem natus omnis distinctio nisi voluptatem.',21,'late',280,'2022-08-19 06:32:18','2022-08-19 06:32:18'),(89,'Non ad qui explicabo quisquam quo libero. In voluptate assumenda provident dolorum.','Aliquam fuga ullam tempora voluptatibus. Et in fugit illum explicabo porro aliquid. Quos autem odit et facere. Officiis perferendis voluptatum qui unde quia.',31,'late',416,'2022-08-19 06:32:18','2022-08-19 06:32:18'),(90,'Eos suscipit sed et pariatur facilis unde et. Commodi doloremque voluptatem totam id error tempora nihil.','Et id id voluptas non aut. Beatae nostrum quo cum ut. Consequuntur asperiores est in ab odit. Quasi recusandae placeat voluptas et vel.',44,'late',334,'2022-08-19 06:32:18','2022-08-19 06:32:18'),(91,'Amet dolor ut exercitationem. Vel quo doloribus fuga accusamus praesentium occaecati.','Nam quaerat consequatur aut voluptas. Eum dignissimos aliquam sint. Repellat officia accusantium quasi magnam. Id in reprehenderit labore voluptate.',23,'active',436,'2022-08-19 06:32:18','2022-08-19 06:32:18'),(92,'Et sit sunt omnis quas. Nam consequatur non itaque dolorem.','Minus dolor rem omnis. Aut sint aperiam soluta id. Ipsa debitis maiores dolores ut odit.',35,'deadTime',193,'2022-08-19 06:32:18','2022-08-19 06:32:18'),(94,'Voluptas dicta eos alias voluptatem. Iste veniam amet et ex. Nemo quam sint quaerat doloremque qui.','Reiciendis ut iste repellat architecto aliquam distinctio. Perspiciatis magnam quo et architecto et est distinctio. Libero ipsam modi dolorem ut numquam quaerat.',45,'onTime',65,'2022-08-19 06:40:01','2022-08-19 06:40:01'),(95,'Qui qui earum aut occaecati. Consequatur qui voluptatem deleniti pariatur eum. Dolore corrupti odit sed eaque.','Et sapiente eos fugiat fugiat. Ut velit quasi modi corrupti est consequatur est vero.',50,'onTime',322,'2022-08-19 06:40:01','2022-08-19 06:40:01'),(96,'Dolores iusto ipsum qui ut. Quos reiciendis numquam ea aperiam odio. Et odit ipsum ea.','Minus facilis voluptas omnis rerum. Quia est perferendis architecto qui.',44,'late',458,'2022-08-19 06:40:01','2022-08-19 06:40:01'),(97,'Eum culpa quis dolor eaque reprehenderit. Nam accusamus et mollitia quia.','Minus exercitationem quibusdam numquam nihil sit quas dolor nihil. Soluta nesciunt laborum nihil nam assumenda. Tempore quod pariatur illo velit molestias magnam.',12,'late',208,'2022-08-19 06:40:01','2022-08-19 06:40:01'),(98,'Ipsa ipsam nam consequatur deleniti necessitatibus sed. Animi nemo commodi aspernatur non asperiores.','Voluptas ut nihil ad ab commodi fugit est quibusdam. Velit quisquam illo asperiores libero iusto odit. Rem officia perferendis quod rerum.',36,'active',198,'2022-08-19 06:40:01','2022-08-19 06:40:01'),(99,'Eum velit quae atque veritatis. Possimus non et dolore. Sed doloremque molestiae sed aut exercitationem laudantium.','Est aut voluptas omnis harum. Similique est sunt velit rem debitis. Explicabo quaerat voluptas officiis voluptate cum. Corporis non officia veritatis.',30,'active',410,'2022-08-19 06:40:01','2022-08-19 06:40:01'),(100,'Voluptatum quia id quae est ipsam cum. Enim et illum quas.','Adipisci dolorem officiis in distinctio. Et autem est ducimus molestiae tempora est dolores autem. Rem qui omnis doloremque eos. Aut aut sint non quaerat et eum dolores.',6,'active',58,'2022-08-19 06:40:01','2022-08-19 06:40:01'),(101,'Ipsum ratione aspernatur est iste.','Nostrum fugiat molestiae ut harum optio quos. Ea aut voluptatum autem nisi. Recusandae aut quos quia odit officiis. Inventore amet temporibus sed vel dolorem.',43,'late',126,'2022-08-19 06:40:01','2022-08-19 06:40:01'),(102,'Sit est quas quisquam quia. Accusamus ea rem culpa et est maiores.','Quia sunt et quis id animi omnis. Nam ut animi hic et molestias voluptatem molestiae. Deserunt deleniti est quidem ullam voluptatum corporis fugiat.',7,'onTime',366,'2022-08-19 06:40:01','2022-08-19 06:40:01'),(103,'Quaerat veritatis modi minima provident. Et ratione ipsum est illum at corporis. Eum tempore quo repudiandae omnis.','Est ea aperiam exercitationem optio blanditiis neque. Voluptates molestiae ullam harum quam ratione. Molestias neque neque sit aliquam ipsum consequuntur consequatur.',6,'active',129,'2022-08-19 06:40:01','2022-08-19 06:40:01'),(104,'Expedita magnam fugit suscipit voluptatem velit. Illo commodi pariatur voluptates quaerat.','Illo perferendis vel cum nihil quae voluptas consectetur. Nostrum consequuntur sed et reiciendis iusto quisquam. Voluptas qui est assumenda fugiat consequatur qui.',33,'deadTime',318,'2022-08-19 06:40:01','2022-08-19 06:40:01'),(106,'Laudantium nobis dolores sint. Est sed et quam aspernatur dolorem.','Velit voluptatum quam est impedit est. Ut mollitia qui sed est maxime. Eaque repudiandae error sunt fugit.',6,'active',22,'2022-08-19 06:41:59','2022-08-19 06:41:59'),(107,'Ut sit et error. Nihil temporibus nihil est. Recusandae exercitationem odit quos culpa.','Enim ducimus nesciunt rem suscipit occaecati. Est et voluptatibus qui magnam inventore vero. Omnis earum quia omnis necessitatibus qui quo.',28,'active',15,'2022-08-19 06:41:59','2022-08-19 06:41:59'),(108,'Modi nemo veritatis voluptas et. Molestiae sit et molestiae quaerat.','Quia quia aut sunt aut consequuntur modi aut. Facilis qui culpa numquam animi quisquam et quo. Et aut impedit est nesciunt sed.',30,'active',90,'2022-08-19 06:41:59','2022-08-19 06:41:59'),(109,'Et est natus velit cum sunt. Recusandae porro iusto rerum odit et autem.','Id eos nisi ullam quis commodi qui est esse. Repellendus enim atque libero fugiat. Maxime consequuntur aut voluptate non aliquam.',5,'deadTime',459,'2022-08-19 06:41:59','2022-08-19 06:41:59'),(110,'Quibusdam eos placeat et neque animi. Molestiae quidem ea at et qui cum labore.','Aspernatur quis iste repellendus eos aliquid qui impedit. Sequi voluptas veniam recusandae magnam. Sed atque odit est similique. Illo porro vitae ea a laudantium iusto praesentium.',11,'active',327,'2022-08-19 06:41:59','2022-08-19 06:41:59'),(111,'Harum corporis temporibus qui provident repudiandae voluptatem. Et perferendis rerum dolore non.','Quis dignissimos et esse ad ratione. Eveniet consequuntur consequatur sint ea unde. Deleniti nihil rerum et eos voluptas eum aut.',30,'deadTime',430,'2022-08-19 06:41:59','2022-08-19 06:41:59'),(112,'Nam non labore illum. Molestiae et vel exercitationem cumque fuga.','Hic quo quibusdam praesentium quia maxime eum id. Dolore ullam qui debitis omnis voluptates impedit quia minima. Officia cum est cupiditate sunt pariatur amet incidunt.',35,'onTime',176,'2022-08-19 06:41:59','2022-08-19 06:41:59'),(113,'Sunt necessitatibus cum inventore. Ab et sed odit autem. Autem repudiandae quas laboriosam voluptatem.','Et dolores consequatur ut. Rerum tenetur ea cupiditate labore qui numquam. Explicabo sed alias et eveniet dolorem eum.',16,'late',145,'2022-08-19 06:41:59','2022-08-19 06:41:59'),(114,'Hic corporis aut quis facilis dolores voluptate dolor. Voluptatem dolores iste tempore et at fugiat.','Eius officia aut facilis reprehenderit in. Inventore ratione magni veritatis consectetur expedita laudantium enim optio. Rerum ut maiores vitae quis sunt sint ut.',32,'active',311,'2022-08-19 06:41:59','2022-08-19 06:41:59'),(115,'Magnam aliquid nesciunt sit. Sequi velit tempora ut et. Nesciunt enim porro et molestiae error eum.','Ipsum eos quas aperiam perferendis aperiam velit eaque quo. Accusamus impedit beatae placeat facilis fugit ipsum qui. Iste beatae et id natus.',23,'deadTime',116,'2022-08-19 06:41:59','2022-08-19 06:41:59'),(116,'Voluptatibus earum dolor similique atque. Aut voluptatem laudantium et. Sed aut aspernatur quod laudantium.','Consectetur architecto voluptatem velit deserunt. Fugit velit esse exercitationem sit deserunt ex. Ipsum et autem sed quos autem adipisci est. In ducimus a provident ut harum.',40,'active',164,'2022-08-19 06:41:59','2022-08-19 06:41:59'),(117,'Aliquid ea odit consequatur.','Est minima id molestias explicabo omnis aliquid. Pariatur maiores placeat aut harum.',17,'late',83,'2022-08-19 06:41:59','2022-08-19 06:41:59'),(118,'Harum aut dolorem tempora at quia ipsum. Sit et ut aut repellat sed voluptate.','Molestiae consequuntur dolor dolorem. Culpa mollitia ipsam sunt eligendi expedita quod. Consequuntur qui officia ea aut numquam animi tempora.',34,'active',108,'2022-08-19 06:41:59','2022-08-19 06:41:59'),(119,'Dolorem aut alias voluptatem illum cum ut.','Molestias hic repellendus beatae earum veritatis. Nam quo dolor laboriosam consequuntur quo. Libero officiis nisi maiores.',40,'active',132,'2022-08-19 06:41:59','2022-08-19 06:41:59'),(120,'Natus voluptatibus explicabo possimus aspernatur magni et possimus. Distinctio aut sunt amet at.','Pariatur sequi eos est architecto minima. Quis earum qui optio nihil exercitationem recusandae sit. Numquam voluptas totam omnis accusantium iure aliquam.',21,'deadTime',118,'2022-08-19 06:41:59','2022-08-19 06:41:59'),(121,'Recusandae libero illum neque alias facilis rerum fugiat et.','Earum rem iste est ea ut dolores. Vitae officiis ullam doloribus sunt fugit. Perspiciatis occaecati velit sed atque nihil quia.',8,'onTime',448,'2022-08-19 06:41:59','2022-08-19 06:41:59'),(122,'Quia dolorem a nihil voluptatem. Adipisci dolore vel aliquam dolores possimus.','Quis laborum sit nisi quia mollitia. Vero illo sit odit numquam libero. Omnis facilis error veritatis rem ut et. Quam distinctio nisi dicta dolores.',35,'onTime',420,'2022-08-19 06:41:59','2022-08-19 06:41:59'),(123,'Modi maiores voluptas rerum qui.','Quia ut mollitia modi eaque. Quod itaque voluptatibus dolorem est omnis voluptas. Sed minus praesentium earum enim itaque.',17,'onTime',435,'2022-08-19 06:41:59','2022-08-19 06:41:59'),(124,'Vitae aut et nisi veritatis est. Labore veniam esse fuga. Et nihil autem optio doloribus quia.','Ut enim deleniti a qui. Earum voluptatem et veniam. Blanditiis rerum totam et non aut totam aut. Inventore quia fugiat eveniet ut doloremque itaque ut.',18,'late',383,'2022-08-19 06:41:59','2022-08-19 06:41:59'),(125,'Accusamus et est impedit ipsum veniam quis. Nostrum ut optio reiciendis eaque quas id.','Quia quibusdam saepe necessitatibus ut. Ipsum quia sed commodi ea. Nemo vitae voluptatum est incidunt. Aut inventore ut consequatur nemo.',19,'late',12,'2022-08-19 06:41:59','2022-08-19 06:41:59'),(126,'Aut aut dolor consequatur et. Alias ut aut explicabo animi occaecati. Molestias error sit est soluta.','Consequuntur corrupti ea quam esse repellendus. Occaecati nisi quos et reprehenderit sed ducimus tempora.',36,'active',117,'2022-08-19 06:41:59','2022-08-19 06:41:59'),(127,'Laudantium a est consectetur qui. Eligendi inventore sequi consequatur eum a.','Est ad est ut molestias. Amet quia ducimus quam sequi. Nulla repellat odit qui et a. Et nulla fuga eum delectus id ut esse.',5,'late',304,'2022-08-19 06:41:59','2022-08-19 06:41:59'),(128,'Nostrum qui dignissimos rem. Officia alias sequi quam autem harum sed.','Possimus qui voluptas dolores repellat quod officia. Voluptatem est ab omnis quaerat. Quos aut dolore cumque enim laudantium.',30,'late',113,'2022-08-19 06:41:59','2022-08-19 06:41:59'),(129,'Voluptate nulla deleniti maxime quo. Est dicta est optio dolores. Nemo numquam facere eius debitis.','Voluptatem officia recusandae voluptates quas. Non perspiciatis at eum rem molestias fuga. Aut at sapiente itaque accusamus tempore harum.',23,'late',127,'2022-08-19 06:41:59','2022-08-19 06:41:59'),(130,'Temporibus cupiditate vitae consectetur est doloribus. Quia sint rerum dolor nobis. Ut minus ipsum ea.','Distinctio totam quis omnis qui. Ut quia mollitia veniam et praesentium sit id. Qui asperiores ad fuga qui nam. Aperiam eveniet et et consequuntur et est et.',46,'deadTime',20,'2022-08-19 06:41:59','2022-08-19 06:41:59'),(131,'Consequatur temporibus aut itaque aperiam.','Libero nisi quisquam nihil alias quibusdam magni et. Optio minima molestias id fuga necessitatibus beatae distinctio. Sit eum sit fugit a.',42,'deadTime',17,'2022-08-19 06:41:59','2022-08-19 06:41:59'),(132,'Aperiam sed eveniet laborum qui. Ullam delectus hic recusandae accusamus vero.','Ab quis ut voluptatum enim assumenda fuga. Quo animi assumenda similique autem. Minus sit aliquam est nisi modi temporibus.',43,'onTime',397,'2022-08-19 06:41:59','2022-08-19 06:41:59'),(133,'Adipisci neque inventore et in saepe. Porro illum quia ut. Cupiditate ullam beatae nam omnis.','Cumque laborum autem tenetur quo magni dignissimos. Ut in aliquid id vero dolor. Accusamus voluptatem eum et nisi eveniet.',32,'deadTime',20,'2022-08-19 06:41:59','2022-08-19 06:41:59'),(134,'Quisquam quia temporibus rerum dolorem enim. Labore dicta ipsum repudiandae aut. Facilis nihil id ut.','Eveniet suscipit aliquam ipsam laudantium vel. Aliquam repellendus eum odit reprehenderit sed. Molestiae corporis consectetur ut ut. Animi fugiat nulla tempore et.',40,'onTime',240,'2022-08-19 06:41:59','2022-08-19 06:41:59'),(135,'Quasi non animi ipsa exercitationem dolor. Non quaerat numquam sunt quisquam. Deserunt at rem maxime et.','Quis corporis eos dicta veritatis sit sapiente. Dolor dolor cum sunt ipsam. Tenetur ut quod sed eius.',29,'onTime',153,'2022-08-19 06:41:59','2022-08-19 06:41:59');
/*!40000 ALTER TABLE `task_answer` ENABLE KEYS */;
UNLOCK TABLES;

--
-- Table structure for table `user_profile`
--

DROP TABLE IF EXISTS `user_profile`;
/*!40101 SET @saved_cs_client     = @@character_set_client */;
/*!50503 SET character_set_client = utf8mb4 */;
CREATE TABLE `user_profile` (
  `id` bigint unsigned NOT NULL AUTO_INCREMENT,
  `job_title` varchar(255) COLLATE utf8mb4_unicode_ci NOT NULL,
  `full_name` varchar(255) COLLATE utf8mb4_unicode_ci NOT NULL,
  `photo` varchar(255) COLLATE utf8mb4_unicode_ci NOT NULL,
  `birth` int NOT NULL,
  `employment` varchar(30) COLLATE utf8mb4_unicode_ci NOT NULL,
  `schedule` varchar(30) COLLATE utf8mb4_unicode_ci NOT NULL,
  `user_id` int NOT NULL,
  `created_at` timestamp NULL DEFAULT NULL,
  `updated_at` timestamp NULL DEFAULT NULL,
  PRIMARY KEY (`id`)
) ENGINE=InnoDB DEFAULT CHARSET=utf8mb4 COLLATE=utf8mb4_unicode_ci;
/*!40101 SET character_set_client = @saved_cs_client */;

--
-- Dumping data for table `user_profile`
--

LOCK TABLES `user_profile` WRITE;
/*!40000 ALTER TABLE `user_profile` DISABLE KEYS */;
/*!40000 ALTER TABLE `user_profile` ENABLE KEYS */;
UNLOCK TABLES;

--
-- Table structure for table `user_task`
--

DROP TABLE IF EXISTS `user_task`;
/*!40101 SET @saved_cs_client     = @@character_set_client */;
/*!50503 SET character_set_client = utf8mb4 */;
CREATE TABLE `user_task` (
  `id` bigint unsigned NOT NULL AUTO_INCREMENT,
  `sender_id` bigint unsigned NOT NULL,
  `recipient_id` bigint unsigned NOT NULL,
  `task_id` bigint unsigned NOT NULL,
  `deadline` int NOT NULL,
  `viewed` int NOT NULL DEFAULT '0',
  `description` text COLLATE utf8mb4_unicode_ci NOT NULL,
  `status` varchar(30) COLLATE utf8mb4_unicode_ci NOT NULL DEFAULT 'active',
  `created_at` timestamp NULL DEFAULT NULL,
  `updated_at` timestamp NULL DEFAULT NULL,
  PRIMARY KEY (`id`),
  KEY `user_task_sender_id_foreign` (`sender_id`),
  KEY `user_task_recipient_id_foreign` (`recipient_id`),
  KEY `user_task_task_id_foreign` (`task_id`),
  CONSTRAINT `user_task_recipient_id_foreign` FOREIGN KEY (`recipient_id`) REFERENCES `users` (`id`),
  CONSTRAINT `user_task_sender_id_foreign` FOREIGN KEY (`sender_id`) REFERENCES `users` (`id`),
  CONSTRAINT `user_task_task_id_foreign` FOREIGN KEY (`task_id`) REFERENCES `task` (`id`)
) ENGINE=InnoDB AUTO_INCREMENT=460 DEFAULT CHARSET=utf8mb4 COLLATE=utf8mb4_unicode_ci;
/*!40101 SET character_set_client = @saved_cs_client */;

--
-- Dumping data for table `user_task`
--

LOCK TABLES `user_task` WRITE;
/*!40000 ALTER TABLE `user_task` DISABLE KEYS */;
INSERT INTO `user_task` VALUES (1,3,1,12,1460191881,0,'In aut hic dolorem eum nihil.','late','2022-08-18 02:30:30','2022-08-18 02:30:30'),(2,3,1,32,1643281584,0,'Distinctio reprehenderit odit voluptatem dolores.','onTime','2022-08-18 02:30:30','2022-08-18 02:30:30'),(3,2,2,13,1473084272,0,'Facilis in id ex aliquam quisquam vitae.','deadTime','2022-08-18 02:30:30','2022-08-18 02:30:30'),(4,3,3,23,838194151,0,'Eaque autem qui odio porro qui alias reiciendis.','active','2022-08-18 02:30:30','2022-08-18 02:30:30'),(5,1,1,25,77063245,0,'Eligendi quod fugiat explicabo quia.','late','2022-08-18 02:30:30','2022-08-18 02:30:30'),(6,3,2,36,985653916,0,'Aliquid nobis explicabo ex corrupti tempore.','deadTime','2022-08-18 02:30:30','2022-08-18 02:30:30'),(7,2,2,29,286088784,0,'In qui ratione blanditiis doloremque quod sit ut.','late','2022-08-18 02:30:30','2022-08-18 02:30:30'),(8,2,3,15,155860737,0,'Autem sit quia dolorum nihil consequatur.','deadTime','2022-08-18 02:30:30','2022-08-18 02:30:30'),(9,1,1,30,832032268,0,'Dolores officia earum omnis quis perferendis ea.','deadTime','2022-08-18 02:30:30','2022-08-18 02:30:30'),(10,3,1,47,31631126,0,'Atque eos repellendus velit est aut ipsam.','late','2022-08-18 02:30:30','2022-08-18 02:30:30'),(11,1,2,23,133103350,0,'Accusantium quia enim accusamus quo.','deadTime','2022-08-18 02:30:30','2022-08-18 02:30:30'),(12,1,1,19,1130515375,0,'Maiores sequi ullam ullam.','late','2022-08-18 02:30:30','2022-08-18 02:30:30'),(13,3,1,47,1204872633,0,'Id facilis earum et aperiam.','late','2022-08-18 02:30:30','2022-08-18 02:30:30'),(14,1,2,48,416483425,0,'Possimus excepturi omnis nisi nihil.','deadTime','2022-08-18 02:30:30','2022-08-18 02:30:30'),(15,2,1,46,1276551002,0,'Beatae nulla consequatur tempora.','onTime','2022-08-18 02:30:30','2022-08-18 02:30:30'),(16,1,2,23,557756817,0,'Maxime aut doloremque ut eum quo.','onTime','2022-08-18 02:30:30','2022-08-18 02:30:30'),(17,1,3,50,59414572,0,'Eligendi quam dolore ut quia est impedit cum.','late','2022-08-18 02:30:30','2022-08-18 02:30:30'),(18,1,1,28,105480411,0,'Labore aut animi porro delectus occaecati non.','late','2022-08-18 02:30:30','2022-08-18 02:30:30'),(19,3,1,13,28654690,0,'Eaque et aspernatur et.','active','2022-08-18 02:30:30','2022-08-18 02:30:30'),(20,1,2,36,862510261,0,'Aliquam non ut placeat ea quasi odit nemo.','active','2022-08-18 02:30:30','2022-08-18 02:30:30'),(21,3,3,22,1460976022,0,'Dolorem odio vel in accusamus.','late','2022-08-18 23:41:42','2022-08-18 23:41:42'),(22,3,2,46,762938895,0,'Sit laudantium ea ratione eaque.','active','2022-08-18 23:41:42','2022-08-18 23:41:42'),(23,1,2,22,1538048729,0,'Blanditiis facere nihil sint voluptate vel.','onTime','2022-08-18 23:41:42','2022-08-18 23:41:42'),(24,3,2,14,1172357304,0,'Omnis accusamus unde veniam inventore et.','deadTime','2022-08-18 23:41:42','2022-08-18 23:41:42'),(25,2,3,22,1001278251,0,'Totam placeat quia doloribus.','onTime','2022-08-18 23:41:42','2022-08-18 23:41:42'),(26,1,3,14,69062921,0,'Quod distinctio est dolores aliquid blanditiis.','onTime','2022-08-18 23:41:42','2022-08-18 23:41:42'),(27,2,3,29,1450217869,0,'Nam fuga cum voluptatem quod earum et.','active','2022-08-18 23:41:42','2022-08-18 23:41:42'),(28,3,2,41,333301795,0,'Rerum libero voluptatibus quibusdam velit sed.','deadTime','2022-08-18 23:41:42','2022-08-18 23:41:42'),(29,3,2,33,8260363,0,'Eos non exercitationem nam et.','deadTime','2022-08-18 23:41:42','2022-08-18 23:41:42'),(30,1,3,31,396371031,0,'Id incidunt nihil eos voluptatem in consequuntur.','late','2022-08-18 23:41:42','2022-08-18 23:41:42'),(31,3,1,34,113845086,0,'Et quia labore voluptas aut atque.','onTime','2022-08-18 23:41:42','2022-08-18 23:41:42'),(32,1,1,16,14482489,0,'Dolore consectetur et minus ullam.','onTime','2022-08-18 23:41:42','2022-08-18 23:41:42'),(33,2,3,45,895549226,0,'Dolores fugiat fugiat aut veritatis provident.','late','2022-08-18 23:41:42','2022-08-18 23:41:42'),(34,2,2,37,1067294762,0,'Omnis qui sed non quasi modi molestias.','onTime','2022-08-18 23:41:42','2022-08-18 23:41:42'),(35,1,1,39,729231411,0,'Vel asperiores ipsa eos voluptatum dolorem ullam.','late','2022-08-18 23:41:42','2022-08-18 23:41:42'),(36,1,2,39,142304911,0,'Nihil minus beatae rem officiis omnis.','onTime','2022-08-18 23:41:42','2022-08-18 23:41:42'),(37,3,3,7,1516484012,0,'Eum in a non architecto.','late','2022-08-18 23:41:42','2022-08-18 23:41:42'),(38,3,1,3,64523699,0,'At reprehenderit ab sed ipsam.','late','2022-08-18 23:41:42','2022-08-18 23:41:42'),(39,2,1,12,658067262,0,'Qui aliquid vero quibusdam quas tempore.','deadTime','2022-08-18 23:41:42','2022-08-18 23:41:42'),(40,1,1,30,167506441,0,'Amet tempore reiciendis suscipit quia quod natus.','late','2022-08-18 23:41:42','2022-08-18 23:41:42'),(41,3,3,18,598029911,0,'Tempore perspiciatis in aut totam.','active','2022-08-18 23:41:42','2022-08-18 23:41:42'),(42,1,1,9,337714541,0,'Debitis ut et est laborum in tempore.','late','2022-08-18 23:41:42','2022-08-18 23:41:42'),(43,2,3,26,54652051,0,'Molestiae hic dicta aperiam saepe et voluptas ea.','deadTime','2022-08-18 23:41:42','2022-08-18 23:41:42'),(44,1,2,48,1493653944,0,'Possimus quam nostrum nihil corrupti sed ipsum.','active','2022-08-18 23:41:42','2022-08-18 23:41:42'),(45,1,1,38,865231459,0,'Cupiditate qui quia laudantium voluptates.','deadTime','2022-08-18 23:41:42','2022-08-18 23:41:42'),(46,3,1,10,1137866697,0,'Sed eum ut eligendi qui corporis aut.','onTime','2022-08-18 23:41:42','2022-08-18 23:41:42'),(47,2,2,37,277915657,0,'Corporis dolores consequatur autem.','onTime','2022-08-18 23:41:42','2022-08-18 23:41:42'),(48,1,3,46,1260485522,0,'Unde distinctio optio eos reprehenderit vel et.','active','2022-08-18 23:41:42','2022-08-18 23:41:42'),(49,2,1,37,1252269572,0,'Minus sunt iste odio qui.','deadTime','2022-08-18 23:41:42','2022-08-18 23:41:42'),(51,3,3,14,1401217004,0,'Asperiores quas laudantium non eaque expedita.','active','2022-08-18 23:42:19','2022-08-18 23:42:19'),(52,3,1,5,69931518,0,'Omnis et et nemo nostrum dolor dolores eos.','onTime','2022-08-18 23:42:19','2022-08-18 23:42:19'),(53,2,2,2,535466191,0,'Aliquam libero et non pariatur.','active','2022-08-18 23:42:19','2022-08-18 23:42:19'),(54,1,2,5,1532548088,0,'Ut et ut ut corporis. Animi ea quasi et et et.','deadTime','2022-08-18 23:42:19','2022-08-18 23:42:19'),(55,3,2,40,311114914,0,'Et id dolorum est odit ipsa recusandae nisi.','late','2022-08-18 23:42:19','2022-08-18 23:42:19'),(56,3,1,38,146892082,0,'Quisquam ipsa consequatur quis.','late','2022-08-18 23:42:19','2022-08-18 23:42:19'),(57,2,1,22,1214066991,0,'Adipisci aut laborum praesentium debitis qui.','active','2022-08-18 23:42:19','2022-08-18 23:42:19'),(58,2,2,43,1066059832,0,'Saepe placeat at at enim.','late','2022-08-18 23:42:19','2022-08-18 23:42:19'),(59,2,2,4,606896236,0,'Quasi natus quod aut distinctio quis amet libero.','late','2022-08-18 23:42:19','2022-08-18 23:42:19'),(60,1,1,16,1159245379,0,'Ullam id laborum sed maiores.','late','2022-08-18 23:42:19','2022-08-18 23:42:19'),(61,2,2,45,1318788973,0,'Voluptatem inventore odit nulla impedit quo.','late','2022-08-18 23:42:19','2022-08-18 23:42:19'),(62,3,3,30,908623985,0,'Enim veritatis quasi laborum.','late','2022-08-18 23:42:19','2022-08-18 23:42:19'),(63,1,2,20,778200868,0,'Veritatis omnis in similique placeat fugiat quae.','onTime','2022-08-18 23:42:19','2022-08-18 23:42:19'),(64,3,3,40,1558948439,0,'Eos nam natus magni consequatur dolorum rem eos.','late','2022-08-18 23:42:19','2022-08-18 23:42:19'),(65,1,3,28,766070233,0,'Ipsam quam dicta quibusdam ullam et dolor in.','active','2022-08-18 23:42:19','2022-08-18 23:42:19'),(66,2,1,11,1419778947,0,'Qui et autem culpa et qui quo voluptatem in.','active','2022-08-18 23:42:19','2022-08-18 23:42:19'),(67,2,2,18,338140130,0,'Impedit id cumque labore delectus ad et.','active','2022-08-18 23:42:19','2022-08-18 23:42:19'),(68,1,1,42,192083876,0,'Incidunt incidunt id odio aut nihil autem.','late','2022-08-18 23:42:19','2022-08-18 23:42:19'),(69,1,3,17,218057148,0,'Omnis vel et expedita repudiandae.','onTime','2022-08-18 23:42:19','2022-08-18 23:42:19'),(70,2,3,16,796840085,0,'Voluptas dignissimos qui eius laborum sint.','late','2022-08-18 23:42:19','2022-08-18 23:42:19'),(71,3,1,29,209153263,0,'Et quod dolores sunt aut.','late','2022-08-18 23:42:19','2022-08-18 23:42:19'),(72,1,3,13,139942629,0,'Et et id distinctio non ut magni.','deadTime','2022-08-18 23:42:19','2022-08-18 23:42:19'),(73,3,2,13,1431081361,0,'Voluptas ducimus dolore reprehenderit aut.','onTime','2022-08-18 23:42:19','2022-08-18 23:42:19'),(74,2,1,3,1011622182,0,'Vero reprehenderit sunt eligendi eos.','active','2022-08-18 23:42:19','2022-08-18 23:42:19'),(75,2,1,46,1004492380,0,'Ut expedita ut est.','active','2022-08-18 23:42:19','2022-08-18 23:42:19'),(76,1,1,28,396782999,0,'Occaecati explicabo repudiandae quidem corrupti.','onTime','2022-08-18 23:42:19','2022-08-18 23:42:19'),(77,3,1,27,934554748,0,'Praesentium soluta vel ad et magnam consequuntur.','onTime','2022-08-18 23:42:19','2022-08-18 23:42:19'),(78,1,3,13,500664711,0,'Error sequi quia sit commodi sit.','active','2022-08-18 23:42:19','2022-08-18 23:42:19'),(79,1,1,26,637691990,0,'Quia ut reiciendis ducimus perferendis.','deadTime','2022-08-18 23:42:19','2022-08-18 23:42:19'),(80,2,3,17,865118550,0,'Numquam reprehenderit eius non in.','late','2022-08-18 23:42:19','2022-08-18 23:42:19'),(81,1,1,26,1215350662,0,'Omnis doloribus quia non possimus est.','deadTime','2022-08-18 23:42:19','2022-08-18 23:42:19'),(82,3,2,5,704804041,0,'Quis dolor libero esse rem id ut quo sint.','late','2022-08-18 23:42:19','2022-08-18 23:42:19'),(83,3,1,31,1402622188,0,'Ea expedita qui voluptas deserunt.','onTime','2022-08-18 23:42:19','2022-08-18 23:42:19'),(84,1,2,47,920669796,0,'Odio aspernatur qui officia quas.','active','2022-08-18 23:42:19','2022-08-18 23:42:19'),(85,3,1,12,1010120926,0,'In corporis quae autem facere autem dolores.','onTime','2022-08-18 23:42:19','2022-08-18 23:42:19'),(86,2,2,7,1178308286,0,'Nihil culpa amet optio esse.','deadTime','2022-08-18 23:42:19','2022-08-18 23:42:19'),(87,3,2,21,282305527,0,'Consequatur sed labore natus dolorem est illo ut.','deadTime','2022-08-18 23:42:19','2022-08-18 23:42:19'),(88,2,3,41,1042429140,0,'Esse sit deserunt vitae non sint.','active','2022-08-18 23:42:19','2022-08-18 23:42:19'),(89,2,2,46,124407927,0,'Qui eveniet dolorem enim dolorem.','active','2022-08-18 23:42:19','2022-08-18 23:42:19'),(90,1,2,44,92921412,0,'Tenetur tenetur voluptas beatae aut quis.','late','2022-08-18 23:42:19','2022-08-18 23:42:19'),(91,1,2,18,802204790,0,'Pariatur nostrum a vel praesentium aut commodi.','late','2022-08-18 23:42:19','2022-08-18 23:42:19'),(92,3,1,31,340754917,0,'Commodi qui molestiae et fugiat.','deadTime','2022-08-18 23:42:19','2022-08-18 23:42:19'),(93,3,3,9,1348677105,0,'Maiores quo nostrum sapiente minus tempora.','active','2022-08-18 23:42:19','2022-08-18 23:42:19'),(94,3,2,39,471111948,0,'Aut sunt error quasi eius qui ducimus ut.','late','2022-08-18 23:42:19','2022-08-18 23:42:19'),(95,1,1,32,1618405971,0,'Amet enim eum labore est.','deadTime','2022-08-18 23:42:19','2022-08-18 23:42:19'),(96,3,2,27,1610920991,0,'Qui sed reprehenderit temporibus possimus.','late','2022-08-18 23:42:19','2022-08-18 23:42:19'),(97,3,2,48,1347146037,0,'Est voluptas aut quis magni iure neque aut sequi.','late','2022-08-18 23:42:19','2022-08-18 23:42:19'),(98,3,1,41,856994806,0,'Fuga et officiis quo.','onTime','2022-08-18 23:42:19','2022-08-18 23:42:19'),(99,2,3,13,686522602,0,'Qui dolores ex doloribus aut esse.','late','2022-08-18 23:42:19','2022-08-18 23:42:19'),(100,2,1,26,1004379157,0,'Aut nemo ipsa fugit.','late','2022-08-18 23:42:19','2022-08-18 23:42:19'),(101,1,2,33,1278601042,0,'Quia minus amet minus tempora dolorum velit.','active','2022-08-18 23:42:19','2022-08-18 23:42:19'),(102,3,2,31,604057903,0,'Repellat ut in laborum dolor id accusantium.','active','2022-08-18 23:42:19','2022-08-18 23:42:19'),(103,1,2,11,647369583,0,'Nihil omnis fugit labore doloribus.','onTime','2022-08-18 23:42:19','2022-08-18 23:42:19'),(104,1,2,40,709995494,0,'Voluptatem sit veniam sint ut omnis unde quia ut.','late','2022-08-18 23:42:19','2022-08-18 23:42:19'),(105,3,1,28,1002674168,0,'Ut quo impedit ut nihil harum est laboriosam.','deadTime','2022-08-18 23:42:19','2022-08-18 23:42:19'),(106,2,3,15,855026201,0,'Minima aut delectus incidunt praesentium et.','active','2022-08-18 23:42:19','2022-08-18 23:42:19'),(107,2,3,40,769661613,0,'Veniam minus libero natus.','deadTime','2022-08-18 23:42:19','2022-08-18 23:42:19'),(108,2,2,7,112304681,0,'Magnam eveniet ex aut dolorem at.','active','2022-08-18 23:42:19','2022-08-18 23:42:19'),(109,1,3,3,751032836,0,'Eos iste architecto possimus modi.','late','2022-08-18 23:42:19','2022-08-18 23:42:19'),(110,3,3,47,383099545,0,'Corporis reiciendis sed iure velit consequatur.','onTime','2022-08-18 23:42:19','2022-08-18 23:42:19'),(111,3,1,21,1184620100,0,'Voluptatem hic consequuntur ut magnam.','deadTime','2022-08-18 23:42:19','2022-08-18 23:42:19'),(113,3,1,12,1460191881,0,'In aut hic dolorem eum nihil.','late',NULL,NULL),(114,3,1,32,1643281584,0,'Distinctio reprehenderit odit voluptatem dolores.','onTime',NULL,NULL),(115,2,2,13,1473084272,0,'Facilis in id ex aliquam quisquam vitae.','deadTime',NULL,NULL),(116,3,3,23,838194151,0,'Eaque autem qui odio porro qui alias reiciendis.','active',NULL,NULL),(117,1,1,25,77063245,0,'Eligendi quod fugiat explicabo quia.','late',NULL,NULL),(118,3,2,36,985653916,0,'Aliquid nobis explicabo ex corrupti tempore.','deadTime',NULL,NULL),(119,2,2,29,286088784,0,'In qui ratione blanditiis doloremque quod sit ut.','late',NULL,NULL),(120,2,3,15,155860737,0,'Autem sit quia dolorum nihil consequatur.','deadTime',NULL,NULL),(121,1,1,30,832032268,0,'Dolores officia earum omnis quis perferendis ea.','deadTime',NULL,NULL),(122,3,1,47,31631126,0,'Atque eos repellendus velit est aut ipsam.','late',NULL,NULL),(123,1,2,23,133103350,0,'Accusantium quia enim accusamus quo.','deadTime',NULL,NULL),(124,1,1,19,1130515375,0,'Maiores sequi ullam ullam.','late',NULL,NULL),(125,3,1,47,1204872633,0,'Id facilis earum et aperiam.','late',NULL,NULL),(126,1,2,48,416483425,0,'Possimus excepturi omnis nisi nihil.','deadTime',NULL,NULL),(127,2,1,46,1276551002,0,'Beatae nulla consequatur tempora.','onTime',NULL,NULL),(128,1,2,23,557756817,0,'Maxime aut doloremque ut eum quo.','onTime',NULL,NULL),(129,1,3,50,59414572,0,'Eligendi quam dolore ut quia est impedit cum.','late',NULL,NULL),(130,1,1,28,105480411,0,'Labore aut animi porro delectus occaecati non.','late',NULL,NULL),(131,3,1,13,28654690,0,'Eaque et aspernatur et.','active',NULL,NULL),(132,1,2,36,862510261,0,'Aliquam non ut placeat ea quasi odit nemo.','active',NULL,NULL),(133,3,3,22,1460976022,0,'Dolorem odio vel in accusamus.','late',NULL,NULL),(134,3,2,46,762938895,0,'Sit laudantium ea ratione eaque.','active',NULL,NULL),(135,1,2,22,1538048729,0,'Blanditiis facere nihil sint voluptate vel.','onTime',NULL,NULL),(136,3,2,14,1172357304,0,'Omnis accusamus unde veniam inventore et.','deadTime',NULL,NULL),(137,2,3,22,1001278251,0,'Totam placeat quia doloribus.','onTime',NULL,NULL),(138,1,3,14,69062921,0,'Quod distinctio est dolores aliquid blanditiis.','onTime',NULL,NULL),(139,2,3,29,1450217869,0,'Nam fuga cum voluptatem quod earum et.','active',NULL,NULL),(140,3,2,41,333301795,0,'Rerum libero voluptatibus quibusdam velit sed.','deadTime',NULL,NULL),(141,3,2,33,8260363,0,'Eos non exercitationem nam et.','deadTime',NULL,NULL),(142,1,3,31,396371031,0,'Id incidunt nihil eos voluptatem in consequuntur.','late',NULL,NULL),(143,3,1,34,113845086,0,'Et quia labore voluptas aut atque.','onTime',NULL,NULL),(144,1,1,16,14482489,0,'Dolore consectetur et minus ullam.','onTime',NULL,NULL),(145,2,3,45,895549226,0,'Dolores fugiat fugiat aut veritatis provident.','late',NULL,NULL),(146,2,2,37,1067294762,0,'Omnis qui sed non quasi modi molestias.','onTime',NULL,NULL),(147,1,1,39,729231411,0,'Vel asperiores ipsa eos voluptatum dolorem ullam.','late',NULL,NULL),(148,1,2,39,142304911,0,'Nihil minus beatae rem officiis omnis.','onTime',NULL,NULL),(149,3,3,7,1516484012,0,'Eum in a non architecto.','late',NULL,NULL),(150,3,1,3,64523699,0,'At reprehenderit ab sed ipsam.','late',NULL,NULL),(151,2,1,12,658067262,0,'Qui aliquid vero quibusdam quas tempore.','deadTime',NULL,NULL),(152,1,1,30,167506441,0,'Amet tempore reiciendis suscipit quia quod natus.','late',NULL,NULL),(153,3,3,18,598029911,0,'Tempore perspiciatis in aut totam.','active',NULL,NULL),(154,1,1,9,337714541,0,'Debitis ut et est laborum in tempore.','late',NULL,NULL),(155,2,3,26,54652051,0,'Molestiae hic dicta aperiam saepe et voluptas ea.','deadTime',NULL,NULL),(156,1,2,48,1493653944,0,'Possimus quam nostrum nihil corrupti sed ipsum.','active',NULL,NULL),(157,1,1,38,865231459,0,'Cupiditate qui quia laudantium voluptates.','deadTime',NULL,NULL),(158,3,1,10,1137866697,0,'Sed eum ut eligendi qui corporis aut.','onTime',NULL,NULL),(159,2,2,37,277915657,0,'Corporis dolores consequatur autem.','onTime',NULL,NULL),(160,1,3,46,1260485522,0,'Unde distinctio optio eos reprehenderit vel et.','active',NULL,NULL),(161,2,1,37,1252269572,0,'Minus sunt iste odio qui.','deadTime',NULL,NULL),(162,3,3,14,1401217004,0,'Asperiores quas laudantium non eaque expedita.','active',NULL,NULL),(163,3,1,5,69931518,0,'Omnis et et nemo nostrum dolor dolores eos.','onTime',NULL,NULL),(164,2,2,2,535466191,0,'Aliquam libero et non pariatur.','active',NULL,NULL),(165,1,2,5,1532548088,0,'Ut et ut ut corporis. Animi ea quasi et et et.','deadTime',NULL,NULL),(166,3,2,40,311114914,0,'Et id dolorum est odit ipsa recusandae nisi.','late',NULL,NULL),(167,3,1,38,146892082,0,'Quisquam ipsa consequatur quis.','late',NULL,NULL),(168,2,1,22,1214066991,0,'Adipisci aut laborum praesentium debitis qui.','active',NULL,NULL),(169,2,2,43,1066059832,0,'Saepe placeat at at enim.','late',NULL,NULL),(170,2,2,4,606896236,0,'Quasi natus quod aut distinctio quis amet libero.','late',NULL,NULL),(171,1,1,16,1159245379,0,'Ullam id laborum sed maiores.','late',NULL,NULL),(172,2,2,45,1318788973,0,'Voluptatem inventore odit nulla impedit quo.','late',NULL,NULL),(173,3,3,30,908623985,0,'Enim veritatis quasi laborum.','late',NULL,NULL),(174,1,2,20,778200868,0,'Veritatis omnis in similique placeat fugiat quae.','onTime',NULL,NULL),(175,3,3,40,1558948439,0,'Eos nam natus magni consequatur dolorum rem eos.','late',NULL,NULL),(176,1,3,28,766070233,0,'Ipsam quam dicta quibusdam ullam et dolor in.','active',NULL,NULL),(177,2,1,11,1419778947,0,'Qui et autem culpa et qui quo voluptatem in.','active',NULL,NULL),(178,2,2,18,338140130,0,'Impedit id cumque labore delectus ad et.','active',NULL,NULL),(179,1,1,42,192083876,0,'Incidunt incidunt id odio aut nihil autem.','late',NULL,NULL),(180,1,3,17,218057148,0,'Omnis vel et expedita repudiandae.','onTime',NULL,NULL),(181,2,3,16,796840085,0,'Voluptas dignissimos qui eius laborum sint.','late',NULL,NULL),(182,3,1,29,209153263,0,'Et quod dolores sunt aut.','late',NULL,NULL),(183,1,3,13,139942629,0,'Et et id distinctio non ut magni.','deadTime',NULL,NULL),(184,3,2,13,1431081361,0,'Voluptas ducimus dolore reprehenderit aut.','onTime',NULL,NULL),(185,2,1,3,1011622182,0,'Vero reprehenderit sunt eligendi eos.','active',NULL,NULL),(186,2,1,46,1004492380,0,'Ut expedita ut est.','active',NULL,NULL),(187,1,1,28,396782999,0,'Occaecati explicabo repudiandae quidem corrupti.','onTime',NULL,NULL),(188,3,1,27,934554748,0,'Praesentium soluta vel ad et magnam consequuntur.','onTime',NULL,NULL),(189,1,3,13,500664711,0,'Error sequi quia sit commodi sit.','active',NULL,NULL),(190,1,1,26,637691990,0,'Quia ut reiciendis ducimus perferendis.','deadTime',NULL,NULL),(191,2,3,17,865118550,0,'Numquam reprehenderit eius non in.','late',NULL,NULL),(192,1,1,26,1215350662,0,'Omnis doloribus quia non possimus est.','deadTime',NULL,NULL),(193,3,2,5,704804041,0,'Quis dolor libero esse rem id ut quo sint.','late',NULL,NULL),(194,3,1,31,1402622188,0,'Ea expedita qui voluptas deserunt.','onTime',NULL,NULL),(195,1,2,47,920669796,0,'Odio aspernatur qui officia quas.','active',NULL,NULL),(196,3,1,12,1010120926,0,'In corporis quae autem facere autem dolores.','onTime',NULL,NULL),(197,2,2,7,1178308286,0,'Nihil culpa amet optio esse.','deadTime',NULL,NULL),(198,3,2,21,282305527,0,'Consequatur sed labore natus dolorem est illo ut.','deadTime',NULL,NULL),(199,2,3,41,1042429140,0,'Esse sit deserunt vitae non sint.','active',NULL,NULL),(200,2,2,46,124407927,0,'Qui eveniet dolorem enim dolorem.','active',NULL,NULL),(201,1,2,44,92921412,0,'Tenetur tenetur voluptas beatae aut quis.','late',NULL,NULL),(202,1,2,18,802204790,0,'Pariatur nostrum a vel praesentium aut commodi.','late',NULL,NULL),(203,3,1,31,340754917,0,'Commodi qui molestiae et fugiat.','deadTime',NULL,NULL),(204,3,3,9,1348677105,0,'Maiores quo nostrum sapiente minus tempora.','active',NULL,NULL),(205,3,2,39,471111948,0,'Aut sunt error quasi eius qui ducimus ut.','late',NULL,NULL),(206,1,1,32,1618405971,0,'Amet enim eum labore est.','deadTime',NULL,NULL),(207,3,2,27,1610920991,0,'Qui sed reprehenderit temporibus possimus.','late',NULL,NULL),(208,3,2,48,1347146037,0,'Est voluptas aut quis magni iure neque aut sequi.','late',NULL,NULL),(209,3,1,41,856994806,0,'Fuga et officiis quo.','onTime',NULL,NULL),(210,2,3,13,686522602,0,'Qui dolores ex doloribus aut esse.','late',NULL,NULL),(211,2,1,26,1004379157,0,'Aut nemo ipsa fugit.','late',NULL,NULL),(212,1,2,33,1278601042,0,'Quia minus amet minus tempora dolorum velit.','active',NULL,NULL),(213,3,2,31,604057903,0,'Repellat ut in laborum dolor id accusantium.','active',NULL,NULL),(214,1,2,11,647369583,0,'Nihil omnis fugit labore doloribus.','onTime',NULL,NULL),(215,1,2,40,709995494,0,'Voluptatem sit veniam sint ut omnis unde quia ut.','late',NULL,NULL),(216,3,1,28,1002674168,0,'Ut quo impedit ut nihil harum est laboriosam.','deadTime',NULL,NULL),(217,2,3,15,855026201,0,'Minima aut delectus incidunt praesentium et.','active',NULL,NULL),(218,2,3,40,769661613,0,'Veniam minus libero natus.','deadTime',NULL,NULL),(219,2,2,7,112304681,0,'Magnam eveniet ex aut dolorem at.','active',NULL,NULL),(220,1,3,3,751032836,0,'Eos iste architecto possimus modi.','late',NULL,NULL),(221,3,3,47,383099545,0,'Corporis reiciendis sed iure velit consequatur.','onTime',NULL,NULL),(222,3,1,21,1184620100,0,'Voluptatem hic consequuntur ut magnam.','deadTime',NULL,NULL),(240,3,1,12,1460191881,0,'In aut hic dolorem eum nihil.','late',NULL,NULL),(241,3,1,32,1643281584,0,'Distinctio reprehenderit odit voluptatem dolores.','onTime',NULL,NULL),(242,2,2,13,1473084272,0,'Facilis in id ex aliquam quisquam vitae.','deadTime',NULL,NULL),(243,3,3,23,838194151,0,'Eaque autem qui odio porro qui alias reiciendis.','active',NULL,NULL),(244,1,1,25,77063245,0,'Eligendi quod fugiat explicabo quia.','late',NULL,NULL),(245,3,2,36,985653916,0,'Aliquid nobis explicabo ex corrupti tempore.','deadTime',NULL,NULL),(246,2,2,29,286088784,0,'In qui ratione blanditiis doloremque quod sit ut.','late',NULL,NULL),(247,2,3,15,155860737,0,'Autem sit quia dolorum nihil consequatur.','deadTime',NULL,NULL),(248,1,1,30,832032268,0,'Dolores officia earum omnis quis perferendis ea.','deadTime',NULL,NULL),(249,3,1,47,31631126,0,'Atque eos repellendus velit est aut ipsam.','late',NULL,NULL),(250,1,2,23,133103350,0,'Accusantium quia enim accusamus quo.','deadTime',NULL,NULL),(251,1,1,19,1130515375,0,'Maiores sequi ullam ullam.','late',NULL,NULL),(252,3,1,47,1204872633,0,'Id facilis earum et aperiam.','late',NULL,NULL),(253,1,2,48,416483425,0,'Possimus excepturi omnis nisi nihil.','deadTime',NULL,NULL),(254,2,1,46,1276551002,0,'Beatae nulla consequatur tempora.','onTime',NULL,NULL),(255,1,2,23,557756817,0,'Maxime aut doloremque ut eum quo.','onTime',NULL,NULL),(256,1,3,50,59414572,0,'Eligendi quam dolore ut quia est impedit cum.','late',NULL,NULL),(257,1,1,28,105480411,0,'Labore aut animi porro delectus occaecati non.','late',NULL,NULL),(258,3,1,13,28654690,0,'Eaque et aspernatur et.','active',NULL,NULL),(259,1,2,36,862510261,0,'Aliquam non ut placeat ea quasi odit nemo.','active',NULL,NULL),(260,3,3,22,1460976022,0,'Dolorem odio vel in accusamus.','late',NULL,NULL),(261,3,2,46,762938895,0,'Sit laudantium ea ratione eaque.','active',NULL,NULL),(262,1,2,22,1538048729,0,'Blanditiis facere nihil sint voluptate vel.','onTime',NULL,NULL),(263,3,2,14,1172357304,0,'Omnis accusamus unde veniam inventore et.','deadTime',NULL,NULL),(264,2,3,22,1001278251,0,'Totam placeat quia doloribus.','onTime',NULL,NULL),(265,1,3,14,69062921,0,'Quod distinctio est dolores aliquid blanditiis.','onTime',NULL,NULL),(266,2,3,29,1450217869,0,'Nam fuga cum voluptatem quod earum et.','active',NULL,NULL),(267,3,2,41,333301795,0,'Rerum libero voluptatibus quibusdam velit sed.','deadTime',NULL,NULL),(268,3,2,33,8260363,0,'Eos non exercitationem nam et.','deadTime',NULL,NULL),(269,1,3,31,396371031,0,'Id incidunt nihil eos voluptatem in consequuntur.','late',NULL,NULL),(270,3,1,34,113845086,0,'Et quia labore voluptas aut atque.','onTime',NULL,NULL),(271,1,1,16,14482489,0,'Dolore consectetur et minus ullam.','onTime',NULL,NULL),(272,2,3,45,895549226,0,'Dolores fugiat fugiat aut veritatis provident.','late',NULL,NULL),(273,2,2,37,1067294762,0,'Omnis qui sed non quasi modi molestias.','onTime',NULL,NULL),(274,1,1,39,729231411,0,'Vel asperiores ipsa eos voluptatum dolorem ullam.','late',NULL,NULL),(275,1,2,39,142304911,0,'Nihil minus beatae rem officiis omnis.','onTime',NULL,NULL),(276,3,3,7,1516484012,0,'Eum in a non architecto.','late',NULL,NULL),(277,3,1,3,64523699,0,'At reprehenderit ab sed ipsam.','late',NULL,NULL),(278,2,1,12,658067262,0,'Qui aliquid vero quibusdam quas tempore.','deadTime',NULL,NULL),(279,1,1,30,167506441,0,'Amet tempore reiciendis suscipit quia quod natus.','late',NULL,NULL),(280,3,3,18,598029911,0,'Tempore perspiciatis in aut totam.','active',NULL,NULL),(281,1,1,9,337714541,0,'Debitis ut et est laborum in tempore.','late',NULL,NULL),(282,2,3,26,54652051,0,'Molestiae hic dicta aperiam saepe et voluptas ea.','deadTime',NULL,NULL),(283,1,2,48,1493653944,0,'Possimus quam nostrum nihil corrupti sed ipsum.','active',NULL,NULL),(284,1,1,38,865231459,0,'Cupiditate qui quia laudantium voluptates.','deadTime',NULL,NULL),(285,3,1,10,1137866697,0,'Sed eum ut eligendi qui corporis aut.','onTime',NULL,NULL),(286,2,2,37,277915657,0,'Corporis dolores consequatur autem.','onTime',NULL,NULL),(287,1,3,46,1260485522,0,'Unde distinctio optio eos reprehenderit vel et.','active',NULL,NULL),(288,2,1,37,1252269572,0,'Minus sunt iste odio qui.','deadTime',NULL,NULL),(289,3,3,14,1401217004,0,'Asperiores quas laudantium non eaque expedita.','active',NULL,NULL),(290,3,1,5,69931518,0,'Omnis et et nemo nostrum dolor dolores eos.','onTime',NULL,NULL),(291,2,2,2,535466191,0,'Aliquam libero et non pariatur.','active',NULL,NULL),(292,1,2,5,1532548088,0,'Ut et ut ut corporis. Animi ea quasi et et et.','deadTime',NULL,NULL),(293,3,2,40,311114914,0,'Et id dolorum est odit ipsa recusandae nisi.','late',NULL,NULL),(294,3,1,38,146892082,0,'Quisquam ipsa consequatur quis.','late',NULL,NULL),(295,2,1,22,1214066991,0,'Adipisci aut laborum praesentium debitis qui.','active',NULL,NULL),(296,2,2,43,1066059832,0,'Saepe placeat at at enim.','late',NULL,NULL),(297,2,2,4,606896236,0,'Quasi natus quod aut distinctio quis amet libero.','late',NULL,NULL),(298,1,1,16,1159245379,0,'Ullam id laborum sed maiores.','late',NULL,NULL),(299,2,2,45,1318788973,0,'Voluptatem inventore odit nulla impedit quo.','late',NULL,NULL),(300,3,3,30,908623985,0,'Enim veritatis quasi laborum.','late',NULL,NULL),(301,1,2,20,778200868,0,'Veritatis omnis in similique placeat fugiat quae.','onTime',NULL,NULL),(302,3,3,40,1558948439,0,'Eos nam natus magni consequatur dolorum rem eos.','late',NULL,NULL),(303,1,3,28,766070233,0,'Ipsam quam dicta quibusdam ullam et dolor in.','active',NULL,NULL),(304,2,1,11,1419778947,0,'Qui et autem culpa et qui quo voluptatem in.','active',NULL,NULL),(305,2,2,18,338140130,0,'Impedit id cumque labore delectus ad et.','active',NULL,NULL),(306,1,1,42,192083876,0,'Incidunt incidunt id odio aut nihil autem.','late',NULL,NULL),(307,1,3,17,218057148,0,'Omnis vel et expedita repudiandae.','onTime',NULL,NULL),(308,2,3,16,796840085,0,'Voluptas dignissimos qui eius laborum sint.','late',NULL,NULL),(309,3,1,29,209153263,0,'Et quod dolores sunt aut.','late',NULL,NULL),(310,1,3,13,139942629,0,'Et et id distinctio non ut magni.','deadTime',NULL,NULL),(311,3,2,13,1431081361,0,'Voluptas ducimus dolore reprehenderit aut.','onTime',NULL,NULL),(312,2,1,3,1011622182,0,'Vero reprehenderit sunt eligendi eos.','active',NULL,NULL),(313,2,1,46,1004492380,0,'Ut expedita ut est.','active',NULL,NULL),(314,1,1,28,396782999,0,'Occaecati explicabo repudiandae quidem corrupti.','onTime',NULL,NULL),(315,3,1,27,934554748,0,'Praesentium soluta vel ad et magnam consequuntur.','onTime',NULL,NULL),(316,1,3,13,500664711,0,'Error sequi quia sit commodi sit.','active',NULL,NULL),(317,1,1,26,637691990,0,'Quia ut reiciendis ducimus perferendis.','deadTime',NULL,NULL),(318,2,3,17,865118550,0,'Numquam reprehenderit eius non in.','late',NULL,NULL),(319,1,1,26,1215350662,0,'Omnis doloribus quia non possimus est.','deadTime',NULL,NULL),(320,3,2,5,704804041,0,'Quis dolor libero esse rem id ut quo sint.','late',NULL,NULL),(321,3,1,31,1402622188,0,'Ea expedita qui voluptas deserunt.','onTime',NULL,NULL),(322,1,2,47,920669796,0,'Odio aspernatur qui officia quas.','active',NULL,NULL),(323,3,1,12,1010120926,0,'In corporis quae autem facere autem dolores.','onTime',NULL,NULL),(324,2,2,7,1178308286,0,'Nihil culpa amet optio esse.','deadTime',NULL,NULL),(325,3,2,21,282305527,0,'Consequatur sed labore natus dolorem est illo ut.','deadTime',NULL,NULL),(326,2,3,41,1042429140,0,'Esse sit deserunt vitae non sint.','active',NULL,NULL),(327,2,2,46,124407927,0,'Qui eveniet dolorem enim dolorem.','active',NULL,NULL),(328,1,2,44,92921412,0,'Tenetur tenetur voluptas beatae aut quis.','late',NULL,NULL),(329,1,2,18,802204790,0,'Pariatur nostrum a vel praesentium aut commodi.','late',NULL,NULL),(330,3,1,31,340754917,0,'Commodi qui molestiae et fugiat.','deadTime',NULL,NULL),(331,3,3,9,1348677105,0,'Maiores quo nostrum sapiente minus tempora.','active',NULL,NULL),(332,3,2,39,471111948,0,'Aut sunt error quasi eius qui ducimus ut.','late',NULL,NULL),(333,1,1,32,1618405971,0,'Amet enim eum labore est.','deadTime',NULL,NULL),(334,3,2,27,1610920991,0,'Qui sed reprehenderit temporibus possimus.','late',NULL,NULL),(335,3,2,48,1347146037,0,'Est voluptas aut quis magni iure neque aut sequi.','late',NULL,NULL),(336,3,1,41,856994806,0,'Fuga et officiis quo.','onTime',NULL,NULL),(337,2,3,13,686522602,0,'Qui dolores ex doloribus aut esse.','late',NULL,NULL),(338,2,1,26,1004379157,0,'Aut nemo ipsa fugit.','late',NULL,NULL),(339,1,2,33,1278601042,0,'Quia minus amet minus tempora dolorum velit.','active',NULL,NULL),(340,3,2,31,604057903,0,'Repellat ut in laborum dolor id accusantium.','active',NULL,NULL),(341,1,2,11,647369583,0,'Nihil omnis fugit labore doloribus.','onTime',NULL,NULL),(342,1,2,40,709995494,0,'Voluptatem sit veniam sint ut omnis unde quia ut.','late',NULL,NULL),(343,3,1,28,1002674168,0,'Ut quo impedit ut nihil harum est laboriosam.','deadTime',NULL,NULL),(344,2,3,15,855026201,0,'Minima aut delectus incidunt praesentium et.','active',NULL,NULL),(345,2,3,40,769661613,0,'Veniam minus libero natus.','deadTime',NULL,NULL),(346,2,2,7,112304681,0,'Magnam eveniet ex aut dolorem at.','active',NULL,NULL),(347,1,3,3,751032836,0,'Eos iste architecto possimus modi.','late',NULL,NULL),(348,3,3,47,383099545,0,'Corporis reiciendis sed iure velit consequatur.','onTime',NULL,NULL),(349,3,1,21,1184620100,0,'Voluptatem hic consequuntur ut magnam.','deadTime',NULL,NULL),(350,3,1,12,1460191881,0,'In aut hic dolorem eum nihil.','late',NULL,NULL),(351,3,1,32,1643281584,0,'Distinctio reprehenderit odit voluptatem dolores.','onTime',NULL,NULL),(352,2,2,13,1473084272,0,'Facilis in id ex aliquam quisquam vitae.','deadTime',NULL,NULL),(353,3,3,23,838194151,0,'Eaque autem qui odio porro qui alias reiciendis.','active',NULL,NULL),(354,1,1,25,77063245,0,'Eligendi quod fugiat explicabo quia.','late',NULL,NULL),(355,3,2,36,985653916,0,'Aliquid nobis explicabo ex corrupti tempore.','deadTime',NULL,NULL),(356,2,2,29,286088784,0,'In qui ratione blanditiis doloremque quod sit ut.','late',NULL,NULL),(357,2,3,15,155860737,0,'Autem sit quia dolorum nihil consequatur.','deadTime',NULL,NULL),(358,1,1,30,832032268,0,'Dolores officia earum omnis quis perferendis ea.','deadTime',NULL,NULL),(359,3,1,47,31631126,0,'Atque eos repellendus velit est aut ipsam.','late',NULL,NULL),(360,1,2,23,133103350,0,'Accusantium quia enim accusamus quo.','deadTime',NULL,NULL),(361,1,1,19,1130515375,0,'Maiores sequi ullam ullam.','late',NULL,NULL),(362,3,1,47,1204872633,0,'Id facilis earum et aperiam.','late',NULL,NULL),(363,1,2,48,416483425,0,'Possimus excepturi omnis nisi nihil.','deadTime',NULL,NULL),(364,2,1,46,1276551002,0,'Beatae nulla consequatur tempora.','onTime',NULL,NULL),(365,1,2,23,557756817,0,'Maxime aut doloremque ut eum quo.','onTime',NULL,NULL),(366,1,3,50,59414572,0,'Eligendi quam dolore ut quia est impedit cum.','late',NULL,NULL),(367,1,1,28,105480411,0,'Labore aut animi porro delectus occaecati non.','late',NULL,NULL),(368,3,1,13,28654690,0,'Eaque et aspernatur et.','active',NULL,NULL),(369,1,2,36,862510261,0,'Aliquam non ut placeat ea quasi odit nemo.','active',NULL,NULL),(370,3,3,22,1460976022,0,'Dolorem odio vel in accusamus.','late',NULL,NULL),(371,3,2,46,762938895,0,'Sit laudantium ea ratione eaque.','active',NULL,NULL),(372,1,2,22,1538048729,0,'Blanditiis facere nihil sint voluptate vel.','onTime',NULL,NULL),(373,3,2,14,1172357304,0,'Omnis accusamus unde veniam inventore et.','deadTime',NULL,NULL),(374,2,3,22,1001278251,0,'Totam placeat quia doloribus.','onTime',NULL,NULL),(375,1,3,14,69062921,0,'Quod distinctio est dolores aliquid blanditiis.','onTime',NULL,NULL),(376,2,3,29,1450217869,0,'Nam fuga cum voluptatem quod earum et.','active',NULL,NULL),(377,3,2,41,333301795,0,'Rerum libero voluptatibus quibusdam velit sed.','deadTime',NULL,NULL),(378,3,2,33,8260363,0,'Eos non exercitationem nam et.','deadTime',NULL,NULL),(379,1,3,31,396371031,0,'Id incidunt nihil eos voluptatem in consequuntur.','late',NULL,NULL),(380,3,1,34,113845086,0,'Et quia labore voluptas aut atque.','onTime',NULL,NULL),(381,1,1,16,14482489,0,'Dolore consectetur et minus ullam.','onTime',NULL,NULL),(382,2,3,45,895549226,0,'Dolores fugiat fugiat aut veritatis provident.','late',NULL,NULL),(383,2,2,37,1067294762,0,'Omnis qui sed non quasi modi molestias.','onTime',NULL,NULL),(384,1,1,39,729231411,0,'Vel asperiores ipsa eos voluptatum dolorem ullam.','late',NULL,NULL),(385,1,2,39,142304911,0,'Nihil minus beatae rem officiis omnis.','onTime',NULL,NULL),(386,3,3,7,1516484012,0,'Eum in a non architecto.','late',NULL,NULL),(387,3,1,3,64523699,0,'At reprehenderit ab sed ipsam.','late',NULL,NULL),(388,2,1,12,658067262,0,'Qui aliquid vero quibusdam quas tempore.','deadTime',NULL,NULL),(389,1,1,30,167506441,0,'Amet tempore reiciendis suscipit quia quod natus.','late',NULL,NULL),(390,3,3,18,598029911,0,'Tempore perspiciatis in aut totam.','active',NULL,NULL),(391,1,1,9,337714541,0,'Debitis ut et est laborum in tempore.','late',NULL,NULL),(392,2,3,26,54652051,0,'Molestiae hic dicta aperiam saepe et voluptas ea.','deadTime',NULL,NULL),(393,1,2,48,1493653944,0,'Possimus quam nostrum nihil corrupti sed ipsum.','active',NULL,NULL),(394,1,1,38,865231459,0,'Cupiditate qui quia laudantium voluptates.','deadTime',NULL,NULL),(395,3,1,10,1137866697,0,'Sed eum ut eligendi qui corporis aut.','onTime',NULL,NULL),(396,2,2,37,277915657,0,'Corporis dolores consequatur autem.','onTime',NULL,NULL),(397,1,3,46,1260485522,0,'Unde distinctio optio eos reprehenderit vel et.','active',NULL,NULL),(398,2,1,37,1252269572,0,'Minus sunt iste odio qui.','deadTime',NULL,NULL),(399,3,3,14,1401217004,0,'Asperiores quas laudantium non eaque expedita.','active',NULL,NULL),(400,3,1,5,69931518,0,'Omnis et et nemo nostrum dolor dolores eos.','onTime',NULL,NULL),(401,2,2,2,535466191,0,'Aliquam libero et non pariatur.','active',NULL,NULL),(402,1,2,5,1532548088,0,'Ut et ut ut corporis. Animi ea quasi et et et.','deadTime',NULL,NULL),(403,3,2,40,311114914,0,'Et id dolorum est odit ipsa recusandae nisi.','late',NULL,NULL),(404,3,1,38,146892082,0,'Quisquam ipsa consequatur quis.','late',NULL,NULL),(405,2,1,22,1214066991,0,'Adipisci aut laborum praesentium debitis qui.','active',NULL,NULL),(406,2,2,43,1066059832,0,'Saepe placeat at at enim.','late',NULL,NULL),(407,2,2,4,606896236,0,'Quasi natus quod aut distinctio quis amet libero.','late',NULL,NULL),(408,1,1,16,1159245379,0,'Ullam id laborum sed maiores.','late',NULL,NULL),(409,2,2,45,1318788973,0,'Voluptatem inventore odit nulla impedit quo.','late',NULL,NULL),(410,3,3,30,908623985,0,'Enim veritatis quasi laborum.','late',NULL,NULL),(411,1,2,20,778200868,0,'Veritatis omnis in similique placeat fugiat quae.','onTime',NULL,NULL),(412,3,3,40,1558948439,0,'Eos nam natus magni consequatur dolorum rem eos.','late',NULL,NULL),(413,1,3,28,766070233,0,'Ipsam quam dicta quibusdam ullam et dolor in.','active',NULL,NULL),(414,2,1,11,1419778947,0,'Qui et autem culpa et qui quo voluptatem in.','active',NULL,NULL),(415,2,2,18,338140130,0,'Impedit id cumque labore delectus ad et.','active',NULL,NULL),(416,1,1,42,192083876,0,'Incidunt incidunt id odio aut nihil autem.','late',NULL,NULL),(417,1,3,17,218057148,0,'Omnis vel et expedita repudiandae.','onTime',NULL,NULL),(418,2,3,16,796840085,0,'Voluptas dignissimos qui eius laborum sint.','late',NULL,NULL),(419,3,1,29,209153263,0,'Et quod dolores sunt aut.','late',NULL,NULL),(420,1,3,13,139942629,0,'Et et id distinctio non ut magni.','deadTime',NULL,NULL),(421,3,2,13,1431081361,0,'Voluptas ducimus dolore reprehenderit aut.','onTime',NULL,NULL),(422,2,1,3,1011622182,0,'Vero reprehenderit sunt eligendi eos.','active',NULL,NULL),(423,2,1,46,1004492380,0,'Ut expedita ut est.','active',NULL,NULL),(424,1,1,28,396782999,0,'Occaecati explicabo repudiandae quidem corrupti.','onTime',NULL,NULL),(425,3,1,27,934554748,0,'Praesentium soluta vel ad et magnam consequuntur.','onTime',NULL,NULL),(426,1,3,13,500664711,0,'Error sequi quia sit commodi sit.','active',NULL,NULL),(427,1,1,26,637691990,0,'Quia ut reiciendis ducimus perferendis.','deadTime',NULL,NULL),(428,2,3,17,865118550,0,'Numquam reprehenderit eius non in.','late',NULL,NULL),(429,1,1,26,1215350662,0,'Omnis doloribus quia non possimus est.','deadTime',NULL,NULL),(430,3,2,5,704804041,0,'Quis dolor libero esse rem id ut quo sint.','late',NULL,NULL),(431,3,1,31,1402622188,0,'Ea expedita qui voluptas deserunt.','onTime',NULL,NULL),(432,1,2,47,920669796,0,'Odio aspernatur qui officia quas.','active',NULL,NULL),(433,3,1,12,1010120926,0,'In corporis quae autem facere autem dolores.','onTime',NULL,NULL),(434,2,2,7,1178308286,0,'Nihil culpa amet optio esse.','deadTime',NULL,NULL),(435,3,2,21,282305527,0,'Consequatur sed labore natus dolorem est illo ut.','deadTime',NULL,NULL),(436,2,3,41,1042429140,0,'Esse sit deserunt vitae non sint.','active',NULL,NULL),(437,2,2,46,124407927,0,'Qui eveniet dolorem enim dolorem.','active',NULL,NULL),(438,1,2,44,92921412,0,'Tenetur tenetur voluptas beatae aut quis.','late',NULL,NULL),(439,1,2,18,802204790,0,'Pariatur nostrum a vel praesentium aut commodi.','late',NULL,NULL),(440,3,1,31,340754917,0,'Commodi qui molestiae et fugiat.','deadTime',NULL,NULL),(441,3,3,9,1348677105,0,'Maiores quo nostrum sapiente minus tempora.','active',NULL,NULL),(442,3,2,39,471111948,0,'Aut sunt error quasi eius qui ducimus ut.','late',NULL,NULL),(443,1,1,32,1618405971,0,'Amet enim eum labore est.','deadTime',NULL,NULL),(444,3,2,27,1610920991,0,'Qui sed reprehenderit temporibus possimus.','late',NULL,NULL),(445,3,2,48,1347146037,0,'Est voluptas aut quis magni iure neque aut sequi.','late',NULL,NULL),(446,3,1,41,856994806,0,'Fuga et officiis quo.','onTime',NULL,NULL),(447,2,3,13,686522602,0,'Qui dolores ex doloribus aut esse.','late',NULL,NULL),(448,2,1,26,1004379157,0,'Aut nemo ipsa fugit.','late',NULL,NULL),(449,1,2,33,1278601042,0,'Quia minus amet minus tempora dolorum velit.','active',NULL,NULL),(450,3,2,31,604057903,0,'Repellat ut in laborum dolor id accusantium.','active',NULL,NULL),(451,1,2,11,647369583,0,'Nihil omnis fugit labore doloribus.','onTime',NULL,NULL),(452,1,2,40,709995494,0,'Voluptatem sit veniam sint ut omnis unde quia ut.','late',NULL,NULL),(453,3,1,28,1002674168,0,'Ut quo impedit ut nihil harum est laboriosam.','deadTime',NULL,NULL),(454,2,3,15,855026201,0,'Minima aut delectus incidunt praesentium et.','active',NULL,NULL),(455,2,3,40,769661613,0,'Veniam minus libero natus.','deadTime',NULL,NULL),(456,2,2,7,112304681,0,'Magnam eveniet ex aut dolorem at.','active',NULL,NULL),(457,1,3,3,751032836,0,'Eos iste architecto possimus modi.','late',NULL,NULL),(458,3,3,47,383099545,0,'Corporis reiciendis sed iure velit consequatur.','onTime',NULL,NULL),(459,3,1,21,1184620100,0,'Voluptatem hic consequuntur ut magnam.','deadTime',NULL,NULL);
/*!40000 ALTER TABLE `user_task` ENABLE KEYS */;
UNLOCK TABLES;

--
-- Table structure for table `users`
--

DROP TABLE IF EXISTS `users`;
/*!40101 SET @saved_cs_client     = @@character_set_client */;
/*!50503 SET character_set_client = utf8mb4 */;
CREATE TABLE `users` (
  `id` bigint unsigned NOT NULL AUTO_INCREMENT,
  `email` varchar(255) COLLATE utf8mb4_unicode_ci NOT NULL,
  `email_verified_at` timestamp NULL DEFAULT NULL,
  `password` varchar(255) COLLATE utf8mb4_unicode_ci NOT NULL,
  `remember_token` varchar(100) COLLATE utf8mb4_unicode_ci DEFAULT NULL,
  `created_at` timestamp NULL DEFAULT NULL,
  `updated_at` timestamp NULL DEFAULT NULL,
  PRIMARY KEY (`id`),
  UNIQUE KEY `users_email_unique` (`email`)
) ENGINE=InnoDB AUTO_INCREMENT=7 DEFAULT CHARSET=utf8mb4 COLLATE=utf8mb4_unicode_ci;
/*!40101 SET character_set_client = @saved_cs_client */;

--
-- Dumping data for table `users`
--

LOCK TABLES `users` WRITE;
/*!40000 ALTER TABLE `users` DISABLE KEYS */;
INSERT INTO `users` VALUES (1,'eldor@mail.l',NULL,'$2y$10$pQpf0UGoZ.VGN0mWX0MkjuCly9AHr2V9CiXiuIy2gex7IELHwVzIK',NULL,NULL,NULL),(2,'xasan@mail.l',NULL,'$2y$10$GdS7LOYwE.Yw6pDmJvRbau2EUgEsfjbtl3B0SOLAG45OE.fqjMhBK',NULL,NULL,NULL),(3,'sultanov@mail.l',NULL,'$2y$10$maXcqSiJ4iIfhBIuX9cqHeNgaNW26tIaGWIrpaeNY7/oG7LuTIPDO',NULL,NULL,NULL),(4,'qurbanov@mail.l',NULL,'$2y$10$U2s9hNfqjPhef7qLF6p5oemR6XhrKlg/eSjhjL.Iy4UxMo0VQok/2',NULL,NULL,NULL),(5,'zokirjonov@mail.l',NULL,'$2y$10$xBEw4UDBjsFSYhgoMTpUOucvX1Bhd2GxcOU4ciq.4k3CGAQ/GRmHa',NULL,NULL,NULL),(6,'xusanov@mail.l',NULL,'$2y$10$P8m1lBXQdLsxxkvjy3vipelGEaXBQFJE6xWgJoxnIBHv/mjUrihvm',NULL,NULL,NULL);
/*!40000 ALTER TABLE `users` ENABLE KEYS */;
UNLOCK TABLES;

--
-- Table structure for table `websockets_statistics_entries`
--

DROP TABLE IF EXISTS `websockets_statistics_entries`;
/*!40101 SET @saved_cs_client     = @@character_set_client */;
/*!50503 SET character_set_client = utf8mb4 */;
CREATE TABLE `websockets_statistics_entries` (
  `id` int unsigned NOT NULL AUTO_INCREMENT,
  `app_id` varchar(255) COLLATE utf8mb4_unicode_ci NOT NULL,
  `peak_connection_count` int NOT NULL,
  `websocket_message_count` int NOT NULL,
  `api_message_count` int NOT NULL,
  `created_at` timestamp NULL DEFAULT NULL,
  `updated_at` timestamp NULL DEFAULT NULL,
  PRIMARY KEY (`id`)
) ENGINE=InnoDB DEFAULT CHARSET=utf8mb4 COLLATE=utf8mb4_unicode_ci;
/*!40101 SET character_set_client = @saved_cs_client */;

--
-- Dumping data for table `websockets_statistics_entries`
--

LOCK TABLES `websockets_statistics_entries` WRITE;
/*!40000 ALTER TABLE `websockets_statistics_entries` DISABLE KEYS */;
/*!40000 ALTER TABLE `websockets_statistics_entries` ENABLE KEYS */;
UNLOCK TABLES;

--
-- Table structure for table `work`
--

DROP TABLE IF EXISTS `work`;
/*!40101 SET @saved_cs_client     = @@character_set_client */;
/*!50503 SET character_set_client = utf8mb4 */;
CREATE TABLE `work` (
  `id` bigint unsigned NOT NULL AUTO_INCREMENT,
  `title` text COLLATE utf8mb4_unicode_ci NOT NULL,
  `description` text COLLATE utf8mb4_unicode_ci NOT NULL,
  `term` int NOT NULL,
  `category_id` bigint unsigned NOT NULL,
  `created_by` bigint unsigned NOT NULL,
  `status` varchar(30) COLLATE utf8mb4_unicode_ci NOT NULL DEFAULT 'active',
  `created_at` timestamp NULL DEFAULT NULL,
  `updated_at` timestamp NULL DEFAULT NULL,
  PRIMARY KEY (`id`),
  KEY `work_category_id_foreign` (`category_id`),
  KEY `work_created_by_foreign` (`created_by`),
  CONSTRAINT `work_category_id_foreign` FOREIGN KEY (`category_id`) REFERENCES `category` (`id`),
  CONSTRAINT `work_created_by_foreign` FOREIGN KEY (`created_by`) REFERENCES `users` (`id`)
) ENGINE=InnoDB AUTO_INCREMENT=16 DEFAULT CHARSET=utf8mb4 COLLATE=utf8mb4_unicode_ci;
/*!40101 SET character_set_client = @saved_cs_client */;

--
-- Dumping data for table `work`
--

LOCK TABLES `work` WRITE;
/*!40000 ALTER TABLE `work` DISABLE KEYS */;
INSERT INTO `work` VALUES (6,'Soluta optio saepe vero alias.','Et itaque sit enim at.',1635915995,1,3,'active','2022-08-18 02:20:48','2022-08-18 02:20:48'),(7,'Dolore autem amet.','Eius eos ducimus corporis.',1220887931,2,1,'active','2022-08-18 02:20:48','2022-08-18 02:20:48'),(8,'Totam eum ad tempora eos dolores.','Cupiditate dicta qui dolores.',56313534,2,2,'active','2022-08-18 02:20:48','2022-08-18 02:20:48'),(9,'Doloremque aperiam.','Ipsam nisi esse fuga sit.',102873311,1,1,'active','2022-08-18 02:20:48','2022-08-18 02:20:48'),(10,'Quos impedit deserunt in sed.','Incidunt dolorem debitis quis.',548436908,1,1,'active','2022-08-18 02:20:48','2022-08-18 02:20:48'),(11,'Eaque et id quae nemo.','Et labore voluptatum porro consequatur.',387124822,2,3,'active','2022-08-18 02:20:48','2022-08-18 02:20:48'),(12,'Ut tenetur autem sunt quidem.','Nostrum excepturi qui aut ab.',808475768,1,3,'active','2022-08-18 02:20:48','2022-08-18 02:20:48'),(13,'Et eos ad porro atque.','Sed omnis officia est harum.',1082156935,2,3,'active','2022-08-18 02:20:48','2022-08-18 02:20:48'),(14,'At ipsam a sit qui quae.','Sint neque veritatis animi sequi quas.',1436104148,1,1,'active','2022-08-18 02:20:48','2022-08-18 02:20:48'),(15,'Sequi aperiam velit saepe.','Cupiditate expedita magni explicabo.',1486496452,1,1,'active','2022-08-18 02:20:48','2022-08-18 02:20:48');
/*!40000 ALTER TABLE `work` ENABLE KEYS */;
UNLOCK TABLES;
/*!40103 SET TIME_ZONE=@OLD_TIME_ZONE */;

/*!40101 SET SQL_MODE=@OLD_SQL_MODE */;
/*!40014 SET FOREIGN_KEY_CHECKS=@OLD_FOREIGN_KEY_CHECKS */;
/*!40014 SET UNIQUE_CHECKS=@OLD_UNIQUE_CHECKS */;
/*!40101 SET CHARACTER_SET_CLIENT=@OLD_CHARACTER_SET_CLIENT */;
/*!40101 SET CHARACTER_SET_RESULTS=@OLD_CHARACTER_SET_RESULTS */;
/*!40101 SET COLLATION_CONNECTION=@OLD_COLLATION_CONNECTION */;
/*!40111 SET SQL_NOTES=@OLD_SQL_NOTES */;

-- Dump completed on 2022-08-20 15:54:44
